bbl,address,bldgclass,numfloors,yearbuilt,roof_area_m2,canopy_area_m2,pv_kw_dc,annual_kwh,avg_daily_kwh,psh_daily_kwh
1002830072,162 EAST BROADWAY,C7,6.0,1900,102.96920364075115,87.52382309463847,17.504764618927695,21670.898598232485,59.37232492666434,64.41753379765392
1002820054,94 EAST BROADWAY,C7,6.0,1900,131.96088357172238,112.16675103596401,22.433350207192802,27772.48755650469,76.08900700412244,82.55472876246951
1002930028,88 DIVISION STREET,C7,6.0,1900,152.13840543461563,129.31764461942328,25.863528923884658,32019.048807769206,87.7234213911485,95.17778643989554
1002920029,5 ELDRIDGE STREET,C7,6.0,1900,175.64778836685045,149.30062011182287,29.860124022364573,36966.833539687344,101.2789959991434,109.88525640230162
1002940022,50 CANAL STREET,C7,6.0,1900,172.96684959640174,147.02182215694148,29.4043644313883,36402.60316605871,99.73315935906496,108.20806110750894
1002920028,7 ELDRIDGE STREET,C7,6.0,1900,127.76492517000948,108.60018639450806,21.720037278901614,26889.4061512802,73.66960589391836,79.92973718635794
1002920027,9 ELDRIDGE STREET,C7,6.0,1910,124.16177890617887,105.53751207025203,21.10750241405041,26131.087988594405,71.59202188656002,77.67560888370551
1002920026,11 ELDRIDGE STREET,C7,6.0,1900,184.37327771431413,156.717286057167,31.343457211433403,38803.20002775455,106.31013706234124,115.34392253807492
1002920025,13 ELDRIDGE STREET,C7,6.0,1900,222.94396948765257,189.50237406450466,37.90047481290093,46920.787818371355,128.5501036119763,139.47374731147542
1002970022,13 ESSEX STREET,C7,6.0,1900,313.84352707869084,266.7669980168872,53.35339960337745,66051.50870898127,180.9630375588528,196.34051054042902
1002970022,13 ESSEX STREET,C7,6.0,1900,313.84352707869084,266.7669980168872,53.35339960337745,66051.50870898127,180.9630375588528,196.34051054042902
1002990030,19 ORCHARD STREET,C1,6.0,1900,179.12226546082783,152.25392564170366,30.450785128340733,37698.07198888583,103.28238901064611,112.0588892722939
1002990027,25 ORCHARD STREET,C8,6.0,1900,209.83542942222883,178.3601150088945,35.6720230017789,44161.96447620228,120.99168349644461,131.27304464654637
1002990022,35 ORCHARD STREET,C7,6.0,1910,208.82566047779434,177.5018114061252,35.500362281225044,43949.44850415661,120.40944795659344,130.64133319490816
1002980018,56 HESTER STREET,C7,6.0,1930,296.04024996734057,251.63421247223948,50.3268424944479,62304.631008126504,170.6976192003466,185.20278037956828
1002980018,56 HESTER STREET,C7,6.0,1930,296.04024996734057,251.63421247223948,50.3268424944479,62304.631008126504,170.6976192003466,185.20278037956828
1002980015,58 HESTER STREET,C7,6.0,1900,341.8829952342595,290.6005459491206,58.12010918982412,71952.69517700226,197.1306717178144,213.88200181855274
1003100032,27 ESSEX STREET,C7,6.0,1910,98.02265576331887,83.31925739882104,16.663851479764208,20629.84813194809,56.52013186835093,61.322973445532284
1003100040,61 HESTER STREET,C7,6.0,1915,279.84025920618717,237.86422032525908,47.57284406505182,58895.18095253415,161.3566601439292,175.0680661593907
1003100029,33 ESSEX STREET,C7,6.0,1900,177.20379918503417,150.62322930727905,30.12464586145581,37294.311576482294,102.1761960999515,110.85869677015738
1003100026,39 ESSEX STREET,C7,6.0,1900,162.335947709081,137.98555555271886,27.597111110543775,34165.22355485319,93.60335220507723,101.5573688868011
1003090025,45 LUDLOW STREET,C7,6.0,1910,144.93675169759055,123.19623894295196,24.639247788590396,30503.38876227491,83.57092811582167,90.67243186201266
1003080024,47 ORCHARD STREET,C7,6.0,1910,163.67654296213738,139.12506151781676,27.825012303563355,34447.36523181143,94.37634310085323,102.39604527711315
1003090024,47 LUDLOW STREET,C7,6.0,1900,150.6582885858367,128.0595452979612,25.61190905959224,31707.54341577519,86.86998196102792,94.25182533929944
1003100024,43 ESSEX STREET,C7,6.0,1910,201.33039935977047,171.1308394558049,34.22616789116098,42371.9958492573,116.0876598609789,125.95229783947241
1004090026,246 BROOME STREET,C7,6.0,1900,189.97732346166524,161.48072494241543,32.296144988483086,39982.62749574206,109.54144519381387,118.84981355761775
1004090027,248 BROOME STREET,C7,6.0,1920,171.59901771254232,145.85916505566098,29.171833011132197,36114.72926778166,98.94446374734702,107.35234548096649
1004090043,101 DELANCEY STREET,C7,6.0,1920,274.2160154468267,233.0836131298027,46.61672262596054,57711.50261093915,158.11370578339492,171.5495392635348
1003530051,106 NORFOLK STREET,C7,6.0,1910,231.1317037384754,196.4619481777041,39.29238963554082,48643.97836879954,133.27117361314941,144.59599385879022
1003530057,131 RIVINGTON STREET,C7,6.0,1920,408.90462620127585,347.56893227108446,69.5137864542169,86058.06763032053,235.7755277543028,255.8107341515182
1003530024,129 RIVINGTON STREET,C7,6.0,1930,242.00891703273163,205.7075794778219,41.14151589556438,50933.19667870871,139.54300459920194,151.40077849567692
1002930020,3 ALLEN STREET,C7,6.0,1910,157.0756719417134,133.5143211504564,26.70286423009128,33058.145916853005,90.57026278589865,98.26654036673591
1002930015,70 CANAL STREET,C7,6.0,1910,167.31071919040082,142.2141113118407,28.44282226236814,35212.21396081176,96.47181907071715,104.66958592551475
1003000004,42 ELDRIDGE STREET,C7,6.0,1930,150.86980278732545,128.23933236922664,25.64786647384533,31752.05869462052,86.99194162909731,94.38414862375082
1003000005,44 ELDRIDGE STREET,C7,6.0,1930,148.21990979421983,125.98692332508685,25.19738466501737,31194.362215291505,85.4640060692918,92.72637556726391
1003000006,46 ELDRIDGE STREET,C7,6.0,1930,146.0656102565185,124.15576871804073,24.831153743608148,30740.968334586887,84.2218310536627,91.37864577647798
1003000007,48 ELDRIDGE STREET,C7,6.0,1910,181.06426307612108,153.90462361470293,30.780924722940586,38106.78480700045,104.4021501561656,113.27380298042135
1003060001,119 HESTER STREET,C7,6.0,1910,239.76074547101896,203.79663365036612,40.75932673007323,50460.04649183065,138.24670271734425,149.99432236666948
1003060035,107 HESTER STREET,C7,6.0,1913,157.87482079198216,134.19359767318483,26.838719534636965,33226.334783880564,91.0310542024125,98.76648788746404
1003060032,73 ELDRIDGE STREET,C7,6.0,1920,182.83849839046124,155.41272363189205,31.082544726378412,38480.190371256474,105.42517909933281,114.38376459307256
1003060031,75 ELDRIDGE STREET,C7,6.0,1910,132.44197038868768,112.57567483038453,22.515134966076907,27873.73708800321,76.36640298083071,82.85569667516302
1003060007,74 FORSYTH STREET,C7,6.0,1900,178.6993085052393,151.8944122294534,30.37888244589068,37609.05646801266,103.03851087126758,111.79428740087769
1003060028,81 ELDRIDGE STREET,C7,6.0,1910,161.05313337511384,136.89516336884677,27.379032673769355,33895.24245012646,92.86367794555196,100.75484023947122
1003060009,78 FORSYTH STREET,C7,6.0,1900,175.06674030017498,148.80672925514872,29.761345851029745,36844.54616357482,100.94396209198581,109.52175273178946
1003060023,289 GRAND STREET,C7,6.0,1900,198.3693145836701,168.61391739611958,33.722783479223914,41748.80594727921,114.38029026651837,124.099843203544
1003100007,48 LUDLOW STREET,C7,6.0,1900,258.2731311206844,219.53216145258173,43.90643229051635,54356.16317565924,148.92099500180615,161.57567082910018
1003090008,58 ORCHARD STREET,C7,6.0,1910,170.44639510724826,144.879435841161,28.975887168232205,35872.14831427147,98.2798583952643,106.63126477909451
1004080020,67 LUDLOW STREET,C4,6.0,1900,159.93775738389374,135.94709377630969,27.18941875526194,33660.50041901428,92.2205490931898,100.05706101936394
1004080014,245 BROOME STREET,C7,6.0,1900,154.27934536397566,131.1374435593793,26.227488711875864,32469.63102530232,88.95789322000635,96.51715845970318
1004090029,250 BROOME STREET,C7,6.0,1890,177.1944027322896,150.61524232244616,30.123048464489234,37292.33399903767,102.17077807955526,110.85281834932037
1004090031,252 BROOME STREET,C7,6.0,1890,176.20015836353505,149.7701346090048,29.95402692180096,37083.08532918959,101.59749405257422,110.23081907222752
1004130049,75 ORCHARD STREET,C7,6.0,1910,273.1088537741848,232.1425257080571,46.428505141611424,57478.48936531494,157.47531332962998,170.85689892113004
1004130045,81 ORCHARD STREET,C7,6.0,1910,271.30610818733305,230.61019195923308,46.122038391846615,57099.08352910611,156.43584528522223,169.72910128199555
1004130014,277 BROOME STREET,C7,6.0,1900,311.0810308023021,264.41887618195676,52.88377523639136,65470.1137426525,179.37017463740412,194.6122928699202
1004130012,281 BROOME STREET,C7,6.0,1900,240.3615493253706,204.307316926565,40.861463385313,50586.491671017495,138.59312786580136,150.37018525795185
1004130002,108 ELDRIDGE STREET,C7,6.0,1900,235.31116065463513,200.01448655643986,40.002897311287974,49523.586871374515,135.68105992157402,147.21066210553974
1004130004,112 ELDRIDGE STREET,C7,6.0,1909,199.16677466468417,169.29175846498154,33.85835169299631,41916.63939592943,114.84010793405324,124.59873423022641
1004180047,109 ELDRIDGE STREET,C7,6.0,1900,171.05157544391685,145.39383912732933,29.078767825465867,35999.514567926744,98.62880703541573,107.0098655977144
1004230025,111 CHRYSTIE STREET,C7,6.0,1900,174.72958634147562,148.52014839025426,29.704029678050855,36773.58874142696,100.7495581956903,109.31082921522714
1004180046,111 ELDRIDGE STREET,C7,6.0,1900,172.47301775721255,146.60206509363067,29.320413018726136,36298.671317182954,99.44841456762454,107.89911990891217
1004130010,285 BROOME STREET,C7,6.0,1900,237.3265413009797,201.72756010583274,40.34551202116655,49947.74388220419,136.8431339238471,148.4714842378929
1004130008,289 BROOME STREET,C7,6.0,1909,280.1337921243301,238.1137233056806,47.622744661136124,58956.95789048652,161.5259120287302,175.25170035298095
1004180044,291 BROOME STREET,C7,6.0,1900,151.12151856968347,128.45329078423094,25.69065815684619,31805.034798175584,87.13708163883722,94.54162201719397
1004180037,305 BROOME STREET,C7,6.0,1900,270.56143825919,229.97722252031153,45.995444504062306,56942.36029602913,156.00646656446338,169.2632357749493
1004230017,327 BROOME STREET,C2,6.0,2024,172.73867464317848,146.82787344670172,29.365574689340345,36354.581465403346,99.60159305589957,108.06531485677247
1004240040,334 BROOME STREET,C7,6.0,1900,222.72769549906462,189.31854117420494,37.86370823484099,46875.27079473315,128.42539943762506,139.33844630421484
1004240029,135 CHRYSTIE STREET,C7,6.0,1910,320.13227099079256,272.1124303421737,54.42248606843474,67375.03775272222,184.58914452800607,200.27474873183985
1004240029,135 CHRYSTIE STREET,C7,6.0,1910,320.13227099079256,272.1124303421737,54.42248606843474,67375.03775272222,184.58914452800607,200.27474873183985
1004240026,9 DELANCEY STREET,C7,6.0,1900,147.00937588259143,124.95796950020271,24.99159390004054,30939.593248250192,84.7660088993156,91.96906555214919
1004250041,10 DELANCEY STREET,C7,6.0,1900,199.78381047848893,169.8162389067156,33.96324778134312,42046.50075330278,115.19589247480214,124.98475183534268
1004250041,10 DELANCEY STREET,C7,6.0,1900,199.78381047848893,169.8162389067156,33.96324778134312,42046.50075330278,115.19589247480214,124.98475183534268
1004780012,164 ELIZABETH STREET,C7,6.0,1900,234.99728660824758,199.74769361701044,39.94953872340209,49457.52893957179,135.50007928649805,147.0143025021197
1004780013,166 ELIZABETH STREET,C7,6.0,1908,170.76329967848244,145.14880472671007,29.029760945342016,35938.84405033341,98.46258643926963,106.82952027885861
1004780014,168 ELIZABETH STREET,C7,6.0,1900,116.71233458233988,99.2054843949889,19.84109687899778,24563.277936199254,67.29665187999795,73.01523651471183
1004250026,17 RIVINGTON STREET,C7,6.0,1900,206.61793830741988,175.62524756130688,35.12504951226138,43484.811296179585,119.1364693046016,129.26018220512185
1004090033,254 BROOME STREET,C7,6.0,1900,174.05474454368962,147.94653286213617,29.589306572427233,36631.561536664914,100.36044256620525,108.88864818653222
1004090034,256 BROOME STREET,C7,6.0,1920,222.67561749657887,189.27427487209204,37.85485497441841,46864.31045832999,128.3953711187123,139.30586630585975
1004140059,260 BROOME STREET,C7,6.0,1900,212.5424482987802,180.66108105396316,36.132216210792635,44731.68366896128,122.5525579971542,132.9665556557169
1004140059,260 BROOME STREET,C7,6.0,1900,212.5424482987802,180.66108105396316,36.132216210792635,44731.68366896128,122.5525579971542,132.9665556557169
1004140028,284 BROOME STREET,C7,6.0,1900,247.80464341899557,210.63394690614624,42.12678938122925,52152.96525396181,142.88483631222414,155.02658492292366
1004140031,288 BROOME STREET,C7,6.0,1900,202.7710617412369,172.35540248005137,34.47108049601027,42675.19765406072,116.91834973715267,126.85357622531781
1004140032,128 ELDRIDGE STREET,C6,6.0,1900,181.7564933300605,154.49301933055142,30.898603866110285,38252.47158624453,104.8012920171083,113.70686222728585
1004190040,110 FORSYTH STREET,C6,6.0,1900,422.169771556679,358.84430582317714,71.76886116463542,88849.85012181866,243.4242469090922,264.1094090858584
1004150078,80 DELANCEY STREET,C7,6.0,1920,429.46395360887743,365.0443605675458,73.00887211350917,90384.98367652435,247.63009226445027,268.67264937771375
1004140003,138 ELDRIDGE STREET,C7,6.0,1900,164.46625464988855,139.79631645240528,27.959263290481058,34613.56795361555,94.83169302360425,102.89008890897028
1004140018,61 DELANCEY STREET,C7,6.0,1900,195.15587075281013,165.8824901398886,33.17649802797772,41072.50455863642,112.52740974968883,122.08951274295801
1004140005,55 DELANCEY STREET,C7,6.0,1900,335.31298527023637,285.0160374797009,57.00320749594019,70569.97087997396,193.3423859725314,209.7718035850599
1004100025,109 LUDLOW STREET,C7,6.0,1920,238.59350872450185,202.80448241582656,40.560896483165315,50214.38984615866,137.57367081139358,149.26409905804834
1004100002,122 ORCHARD STREET,C7,6.0,1910,195.66677190995057,166.316756123458,33.2633512246916,41180.0288161682,112.8219967566252,122.40913250686506
1004100022,117 LUDLOW STREET,C7,6.0,1900,130.6963498603367,111.0918973812862,22.21837947625724,27506.353791606463,75.35987340166155,81.76363647262664
1004190066,135 ELDRIDGE STREET,C7,6.0,1900,308.7493222486893,262.43692391138586,52.487384782277175,64979.382360459145,178.02570509714835,193.15357599877998
1004190065,139 ELDRIDGE STREET,C7,6.0,1900,169.59166053559483,144.1529114552556,28.830582291051122,35692.26087632129,97.7870160995104,106.09654283106813
1004190063,47 DELANCEY STREET,C7,6.0,1920,391.9429767984269,333.15153027866285,66.63030605573258,82488.31889699693,225.99539423834776,245.19952628509589
1004150035,123 ALLEN STREET,C7,6.0,1900,199.34579237905533,169.44392352219703,33.88878470443941,41954.31546409599,114.94333003861915,124.71072771233702
1004150033,125 ALLEN STREET,C7,6.0,1900,156.74864475589288,133.23634804250895,26.64726960850179,32989.31977532522,90.38169801458963,98.06195215928659
1004100011,85 RIVINGTON STREET,C7,6.0,1920,216.8677441523352,184.33758252948493,36.86751650589699,45641.98543430047,125.04653543643964,135.67246074170092
1004150072,127 ORCHARD STREET,C7,6.0,1920,313.27357282076025,266.2825368976462,53.25650737952924,65931.5561358572,180.6344003722115,195.9839471566676
1004150032,127 ALLEN STREET,C7,6.0,1910,158.89378102229492,135.05971386895067,27.011942773790135,33440.78515395219,91.61858946288271,99.4039494075477
1004150025,139 ALLEN STREET,C7,6.0,1910,203.79800196114996,173.22830166697747,34.6456603333955,42891.32749274363,117.51048628148939,127.49603002689543
1003530020,121 RIVINGTON STREET,C7,6.0,1920,303.2951449518874,257.8008732091043,51.56017464182086,63831.49620657422,174.8808115248609,189.74144268190076
1004100037,110 LUDLOW STREET,C7,6.0,1900,160.9670214699492,136.82196824945683,27.36439364989137,33877.11933856551,92.814025585111,100.70096863160023
1004100043,122 LUDLOW STREET,C7,6.0,1920,154.35526176227663,131.20197249793512,26.240394499587026,32485.60839048874,89.00166682325681,96.56465175848025
1004100044,124 LUDLOW STREET,C7,6.0,1900,152.80556212785214,129.8847278086743,25.976945561734865,32159.458605427764,88.10810576829525,95.5951596671843
1004100018,123 LUDLOW STREET,C7,6.0,1900,234.48869099929684,199.3153873494023,39.863077469880466,49350.48990771201,135.20682166496442,146.69612508916012
1004100046,101 RIVINGTON STREET,C7,6.0,1910,289.64297015924467,246.19652463535797,49.2393049270716,60958.259499714644,167.0089301362045,181.20064213162348
1003540034,126 RIVINGTON STREET,C7,6.0,1900,144.95866408648362,123.21486447351107,24.642972894702215,30508.000443641344,83.58356285929135,90.68614025250415
1004110075,100 RIVINGTON STREET,C7,6.0,1900,316.1225580482688,268.7041743410285,53.740834868205695,66531.15356683865,182.27713305983193,197.76627231499697
1004110034,94 RIVINGTON STREET,C7,6.0,1920,250.4217161195189,212.85845870159105,42.571691740318215,52703.75437451395,144.39384760140808,156.66382560437103
1004110042,138 LUDLOW STREET,C7,6.0,1920,280.9646675034817,238.81996737795941,47.76399347559189,59131.82392278276,162.00499704871987,175.77149599017815
1004110039,86 RIVINGTON STREET,C7,6.0,1920,167.71505383367662,142.55779575862513,28.511559151725027,35297.31022983558,96.70495953379611,104.92253767834809
1004160069,78 RIVINGTON STREET,C7,6.0,1920,253.18357958985746,215.20604265137882,43.04120853027577,53285.0161604814,145.98634564515453,158.39164739141484
1004160068,145 ORCHARD STREET,C7,6.0,1900,181.42321949078448,154.2097365671668,30.841947313433362,38182.3307740305,104.60912540830275,113.49836611343477
1004160067,147 ORCHARD STREET,C7,6.0,1900,176.86832129284528,150.33807309891847,30.067614619783697,37223.706899292214,101.98275862819784,110.648821800804
1004160066,149 ORCHARD STREET,C7,6.0,1900,185.40943795984816,157.59802226587092,31.519604453174185,39021.27031302964,106.90758989871135,115.992144387681
1004160065,151 ORCHARD STREET,C7,6.0,1900,168.7555950486145,143.44225579132234,28.68845115826447,35516.30253393141,97.30493844912715,105.57350026241325
1004160064,153 ORCHARD STREET,C7,6.0,1900,176.2975721498245,149.85293632735082,29.970587265470165,37103.58703465207,101.6536631086358,110.2917611369302
1004110027,143 LUDLOW STREET,C7,6.0,1920,193.12820083993662,164.15897071394613,32.83179414278923,40645.76114877306,111.35824972266592,120.82100244546434
1004110003,150 ORCHARD STREET,C7,6.0,1920,211.447436508466,179.73032103219612,35.946064206439225,44501.22748757176,121.92117119882674,132.28151627969635
1004110005,154 ORCHARD STREET,C7,6.0,1920,182.21169120117798,154.8799375210013,30.975987504200262,38348.27253019992,105.06376035671212,113.99163401545695
1004110005,154 ORCHARD STREET,C7,6.0,1920,182.21169120117798,154.8799375210013,30.975987504200262,38348.27253019992,105.06376035671212,113.99163401545695
1004110021,153 LUDLOW STREET,C7,6.0,1900,153.50406487464903,130.47845514345167,26.095691028690336,32306.465493518637,88.51086436580448,96.03214298558044
1004110009,162 ORCHARD STREET,C7,6.0,1930,146.20566177206362,124.27481250625408,24.854962501250817,30770.44357654851,84.30258514122879,91.46626200460301
1004260044,8 RIVINGTON STREET,C7,6.0,1920,223.46031769593574,189.94127004154538,37.98825400830908,47029.45846228664,128.84783140352505,139.7967747505774
1004260002,217 BOWERY,C7,6.0,1900,211.94397353223215,180.15237750239731,36.03047550047946,44605.728669593576,122.2074758071057,132.5921498417644
1004920007,202 ELIZABETH STREET,C7,6.0,1900,224.535871903029,190.85549111757464,38.17109822351493,47255.81960071148,129.46799890605885,140.46964146253495
1004930009,228 MOTT STREET,C4,6.0,1900,156.36114824956712,132.90697601213205,26.58139520242641,32907.7672606039,90.15826646740794,97.8195343449292
1004930010,230 MOTT STREET,C7,6.0,1900,147.3854093285693,125.2775979292839,25.055519585856782,31018.733247290696,84.98283081449506,92.20431207595296
1004930012,234 MOTT STREET,C4,6.0,1900,146.7179258686604,124.71023698836133,24.94204739767227,30878.25467831827,84.59795802278978,91.78673442343394
1004930017,20 PRINCE STREET,C7,6.0,1900,381.3268828266051,324.1278504026143,64.82557008052287,80254.05575968731,219.87412536900632,238.55809789632414
1005070001,13 PRINCE STREET,C7,6.0,1910,228.29361707281942,194.0495745118965,38.809914902379305,48046.67464914558,131.63472506615227,142.82048684075582
1004260022,13 STANTON STREET,C7,6.0,1920,116.2647923346314,98.82507348443669,19.765014696887338,24469.088194746524,67.0385977938261,72.7352540845454
1004930013,30 PRINCE STREET,C7,6.0,1900,232.13363073479425,197.3135861245751,39.462717224915025,48854.8439244448,133.84888746423232,145.2227993876873
1005080046,17 PRINCE STREET,C7,6.0,1914,125.0878286187795,106.32465432596257,21.264930865192515,26325.984411108333,72.12598468796804,78.25494558390845
1002920010,28 FORSYTH STREET,C7,6.0,1900,213.29420572533257,181.3000748665327,36.26001497330654,44889.89853695349,122.98602338891368,133.43685510176806
1003030020,122 HESTER STREET,C7,6.0,1910,196.63128682244258,167.1365937990762,33.42731875981524,41383.02062465127,113.3781386976747,123.01253303612009
1003040035,75 CHRYSTIE STREET,C7,6.0,1910,418.7324505883013,355.9225830000561,71.18451660001122,88126.4315508139,241.44227822140795,261.95902108804125
1003040031,83 CHRYSTIE STREET,C7,6.0,1910,298.4891033503795,253.71573784782254,50.74314756956451,62820.016691120865,172.10963477019416,186.7347830559974
1002050004,106 MULBERRY STREET,C7,6.0,1915,311.77988965069096,265.0129062030873,53.00258124061747,65617.19557588443,179.77313856406693,195.04949896547225
1002060004,119 BAXTER STREET,C7,6.0,1910,188.6564456829873,160.35797883053922,32.07159576610785,39704.635558441514,108.77982344778496,118.02347241927687
1002050023,111 MOTT STREET,C7,6.0,1900,161.0008766617583,136.85074516249455,27.37014903249891,33884.244502233654,92.83354658146207,100.722148439596
1002060004,119 BAXTER STREET,C7,6.0,1910,188.6564456829873,160.35797883053922,32.07159576610785,39704.635558441514,108.77982344778496,118.02347241927687
1002050018,174 HESTER STREET,C7,6.0,1910,162.2761939876932,137.93476488953922,27.586952977907846,34152.64778664991,93.5688980456162,101.51998695870087
1002030015,58 ELIZABETH STREET,C7,6.0,1900,342.5665142706617,291.18153713006245,58.236307426012495,72096.54859340347,197.52479066685882,214.30961132772597
1002030015,58 ELIZABETH STREET,C7,6.0,1900,342.5665142706617,291.18153713006245,58.236307426012495,72096.54859340347,197.52479066685882,214.30961132772597
1003040030,85 CHRYSTIE STREET,C7,6.0,1910,174.19181086857668,148.06303923829017,29.612607847658037,36660.408515400646,100.4394753846593,108.97439687938157
1003040029,87 CHRYSTIE STREET,CB,6.0,1900,162.37569249691285,138.01933862237593,27.603867724475187,34173.58824290028,93.6262691586309,101.5822332260687
1002390008,84 ELIZABETH STREET,C7,6.0,1910,159.64956213763188,135.7021278169871,27.140425563397418,33599.846847486006,92.0543749246192,99.87676607330249
1002390010,88 ELIZABETH STREET,C7,6.0,1910,153.95042197393903,130.85785867784818,26.17157173556964,32400.405808635212,88.76823509215127,96.31138398689626
1002380004,124 MOTT STREET,C7,6.0,1912,300.0728072287977,255.06188614447805,51.012377228895616,63153.323009372776,173.02280276540486,187.72554820233586
1002380027,83 ELIZABETH STREET,C7,6.0,1900,318.5613734999382,270.7771674749475,54.155433494989495,67044.426666797,183.68336073095065,199.29199526156134
1002380027,83 ELIZABETH STREET,C7,6.0,1900,318.5613734999382,270.7771674749475,54.155433494989495,67044.426666797,183.68336073095065,199.29199526156134
1002380023,91 ELIZABETH STREET,C7,6.0,1910,225.17294226356447,191.39700092402978,38.27940018480596,47389.89742878977,129.83533542134185,140.8681926800859
1002380021,95 ELIZABETH STREET,C7,6.0,1910,228.3782724826379,194.12153161024222,38.82430632204844,48064.49122669597,131.68353760738623,142.87344726513828
1002380014,209 GRAND STREET,C7,6.0,1900,267.58583307154976,227.4479581108173,45.48959162216346,56316.11442823836,154.290724460927,167.40169716956154
1002390011,90 ELIZABETH STREET,C7,6.0,1900,165.84758559255954,140.97044775367561,28.194089550735125,34904.282863810084,95.62817222961667,103.75424954670525
1002390012,92 ELIZABETH STREET,C7,6.0,1912,572.7186358171667,486.8108404445917,97.36216808891834,120534.3640940809,330.23113450433124,358.2927785672195
1004700031,208 GRAND STREET,C7,6.0,1920,151.3005469759983,128.60546492959855,25.72109298591971,31842.7131165686,87.24030990840713,94.65362218818454
1004700032,206 GRAND STREET,C7,6.0,1909,185.18017806903208,157.40315135867726,31.480630271735453,38973.02027640849,106.7753980175575,115.84871939998646
1004710052,200 GRAND STREET,C7,6.0,1910,367.08126994900994,312.01907945665846,62.403815891331696,77255.92407346865,211.6600659547086,229.64604248010065
1002370011,146 MULBERRY STREET,C7,6.0,1900,201.01203591587557,170.86023052849424,34.17204610569885,42304.99307885517,115.90409062700047,125.75312966897175
1002370012,191 GRAND STREET,C7,6.0,1900,363.04469411658926,308.58798999910084,61.71759799982017,76406.38632377738,209.33256527062295,227.12076063933824
1002380040,173 HESTER STREET,C7,6.0,1910,410.1688290095541,348.64350465812095,69.72870093162419,86324.13175335075,236.50447055712536,256.601619428377
1002370029,121 MOTT STREET,C7,6.0,1912,229.65372061510496,195.20566252283922,39.04113250456785,48332.922040654994,132.4189644949452,143.67136761680968
1002370028,123 MOTT STREET,C7,6.0,1912,197.0213225418675,167.46812416058737,33.493624832117476,41465.10754216144,113.60303436208613,123.2565393821923
1002060016,182 HESTER STREET,C7,6.0,1910,209.5990512521613,178.1591935643371,35.63183871286742,44112.216326529866,120.85538719597224,131.1251664633521
1002060012,190 HESTER STREET,C7,6.0,1910,180.95520584690263,153.81192496986722,30.762384993973445,38083.83262253912,104.3392674590113,113.20557677782227
1002370036,191 HESTER STREET,C7,6.0,1900,128.70362740126697,109.39808329107692,21.879616658215383,27086.965422870646,74.21086417224835,80.51698930223262
1002360033,197 HESTER STREET,C7,6.0,1910,333.98288079805343,283.8854486783454,56.77708973566909,70290.03709275833,192.57544408974886,208.93969022726225
1002350016,150 BAXTER STREET,C7,6.0,1900,201.80096991355333,171.53082442652033,34.306164885304064,42471.03212800643,116.35899213152447,126.24668677791895
1004710021,163 MULBERRY STREET,C7,6.0,1900,159.1937970551138,135.31472749684673,27.06294549936935,33503.92652821925,91.79157952936781,99.59163943767919
1004710020,165 MULBERRY STREET,C7,6.0,1920,162.13358918332878,137.81355080582946,27.562710161165896,34122.63517952338,93.48667172472159,101.43077339309049
1004710018,169 MULBERRY STREET,C7,6.0,1914,154.18753363569994,131.05940359034494,26.21188071806899,32450.308328969408,88.90495432594358,96.45972104249388
1004700038,118 ELIZABETH STREET,C7,6.0,1900,163.86230988150942,139.282963399283,27.856592679856604,34486.461737662474,94.48345681551362,102.51226106187231
1004700039,120 ELIZABETH STREET,C7,6.0,1900,173.91687662835358,147.82934513410055,29.56586902682011,36602.545855203294,100.28094754850217,108.802398018698
1004700021,119 ELIZABETH STREET,C7,6.0,1921,298.1059614195948,253.39006720665557,50.67801344133112,62739.38064036793,171.8887140831998,186.4950894640985
1004700042,126 ELIZABETH STREET,C4,6.0,1900,175.04858513941946,148.79129736850655,29.75825947370131,36840.72522844222,100.93349377655403,109.51039486322082
1004700004,158 MOTT STREET,C7,6.0,1905,143.73281588342675,122.17289350091274,24.43457870018255,30250.008430825994,82.87673542692053,89.91924961667178
1004700007,164 MOTT STREET,C7,6.0,1900,150.5323070600202,127.95246100101717,25.590492200203435,31681.029343851853,86.79734066808727,94.17301129674864
1004790035,358 BROOME STREET,C7,6.0,1900,294.25828253523554,250.1195401549502,50.02390803099004,61929.59814236567,169.67013189689226,184.08798155404335
1004700009,365 BROOME STREET,C7,6.0,1900,553.2465101456587,470.2595336238099,94.05190672476198,116436.26052525533,319.0034534938502,346.11101674712404
1004700009,365 BROOME STREET,C7,6.0,1900,553.2465101456587,470.2595336238099,94.05190672476198,116436.26052525533,319.0034534938502,346.11101674712404
1004710044,171 MOTT STREET,C7,6.0,1900,123.15065803393593,104.67805932884553,20.935611865769108,25918.287489822156,71.00900682143056,77.04305166603031
1004710043,373 BROOME STREET,C7,6.0,1900,271.85968963623577,231.0807361908004,46.21614723816008,57215.59028084218,156.75504186532103,170.0754218364291
1004710017,171 MULBERRY STREET,C7,6.0,1900,199.61636960470165,169.6739141639964,33.93478283279928,42011.261147005505,115.09934560823426,124.88000082470136
1004800041,384 BROOME STREET,C7,6.0,1900,397.8613519319299,338.1821491421404,67.63642982842809,83733.90012759398,229.407945555052,248.90206176861534
1004800041,384 BROOME STREET,C7,6.0,1900,397.8613519319299,338.1821491421404,67.63642982842809,83733.90012759398,229.407945555052,248.90206176861534
1004790031,149 ELIZABETH STREET,C7,6.0,1900,300.4292022637257,255.36482192416685,51.07296438483337,63228.32990842371,173.22830111896906,187.9485089361868
1004790003,184 MOTT STREET,C7,6.0,1900,309.59917749587214,263.1593008714913,52.63186017429827,65158.24289578126,178.51573396104453,193.6852454414176
1004790005,192 MOTT STREET,C7,6.0,1900,319.6330946716986,271.6881304709438,54.337626094188764,67269.98110460569,184.30131809481009,199.96246402661464
1004810035,390 BROOME STREET,C7,6.0,1900,261.74721536565187,222.4851330608041,44.49702661216082,55087.3189458551,150.92416149549342,163.74905793275184
1004810039,396 BROOME STREET,C7,6.0,1900,157.06152487683795,133.50229614531224,26.70045922906245,33055.16852557931,90.56210554953236,98.25768996294981
1004810033,183 MULBERRY STREET,C7,6.0,1920,357.306266706265,303.7103267003252,60.74206534006504,75198.67689100052,206.02377230411102,223.53080045143935
1004810033,183 MULBERRY STREET,C7,6.0,1920,357.306266706265,303.7103267003252,60.74206534006504,75198.67689100052,206.02377230411102,223.53080045143935
1004810032,86 KENMARE STREET,C7,6.0,1900,338.7846713855933,287.9669706777543,57.59339413555087,71300.62193981197,195.344169698115,211.9436904188272
1004810028,195 MULBERRY STREET,C7,6.0,1900,389.6101048227788,331.16858909936195,66.2337178198724,81997.34266100203,224.65025386575897,243.74008157713038
1004790009,196 MOTT STREET,C7,6.0,1900,312.8199063792645,265.8969204223748,53.17938408447497,65836.07749658001,180.3728150591233,195.70013343086788
1004790018,20 SPRING STREET,C7,6.0,1900,177.52581293870296,150.8969409978975,30.179388199579503,37362.08259107942,102.36187011254637,111.06014857445257
1004790014,26 SPRING STREET,C7,6.0,1900,332.7264376286313,282.8174719843366,56.56349439686732,70025.60606332174,191.85097551594998,208.1536593804717
1003410075,157 BROOME STREET,C6,6.0,1910,441.1397178328741,374.968760157943,74.9937520315886,92842.26501510669,254.3623699044019,275.97700747624606
1003480032,107 CLINTON STREET,C7,6.0,1920,195.06753140668388,165.8074016956813,33.16148033913626,41053.91265985069,112.47647304068683,122.03424764802145
1003480031,105 CLINTON STREET,C7,6.0,1920,195.06683568290833,165.80681033047208,33.16136206609442,41053.76623782489,112.47607188445176,122.03381240322744
1003530049,102 NORFOLK STREET,C7,6.0,1910,280.2939109985644,238.24982434877973,47.64996486975595,58990.656508757864,161.61823701029553,175.35187072070187
1003480073,172 DELANCEY STREET,C6,6.0,1920,181.7183248442479,154.4605761176107,30.892115223522143,38244.43864672042,104.77928396361759,113.68298402256148
1003480074,170 DELANCEY STREET,C7,6.0,1920,173.12504997907487,147.15629248221364,29.43125849644273,36435.8980185961,99.82437813313999,108.30703126690923
1003480076,168 1/2 DELANCEY STREET,C7,6.0,1900,142.5130786852461,121.13611688245916,24.227223376491835,29993.30254009689,82.17343161670381,89.15618202548995
1003480053,173 RIVINGTON STREET,C6,6.0,1920,244.85612806257393,208.12770885318784,41.62554177063757,51532.42071204931,141.18471427958715,153.18199371594625
1003430065,57 PITT STREET,C7,6.0,1900,193.999518150495,164.89959042792074,32.97991808558415,40829.13858995318,111.8606536711046,121.36609855494967
1003440069,210 RIVINGTON STREET,C7,6.0,1920,303.7750596612853,258.2088007120925,51.641760142418505,63932.49905631411,175.15753166113456,190.04167732410008
1003440072,206 RIVINGTON STREET,C7,6.0,1920,238.45114005021992,202.68346904268694,40.53669380853739,50184.42693496929,137.4915806437515,149.1750332154176
1003440068,85 PITT STREET,C7,6.0,1920,182.42397807082514,155.06038136020138,31.012076272040275,38392.950424785864,105.18616554735853,114.1244406811082
1003440067,89 PITT STREET,C4,6.0,1920,170.9811593101028,145.33398541358738,29.06679708271748,35984.69478840424,98.58820489973763,106.96581326440032
1003440073,202 RIVINGTON STREET,C7,6.0,1920,298.00180169793555,253.3015314432452,50.660306288649046,62717.45918534752,171.82865530232198,186.4299271422285
1003440076,106 RIDGE STREET,C7,6.0,1914,348.37918907322415,296.1223107122405,59.224462142448104,73319.88413235075,200.87639488315276,217.946020684209
1003720001,14 AVENUE C,C7,6.0,1920,321.0702427043224,272.90970629867405,54.58194125973481,67572.44327955169,185.12998158781286,200.8615438358241
1003250001,140 BARUCH PLACE,C4,6.0,1920,1166.7892351870635,991.7708499090039,198.3541699818008,245562.4624374694,672.773869691697,729.9433455330269
1003720039,11 AVENUE D,C7,6.0,1900,203.64704181665678,173.09998554415827,34.619997108831654,42859.556420733585,117.42344224858516,127.40158936050048
1003720023,300 EAST 3 STREET,C1,6.0,2001,131.57411671242565,111.8379992055618,22.367599841112362,27691.088603297103,75.86599617341672,82.3127674152935
1003720068,264 EAST 2 STREET,C1,6.0,1905,239.21757316032688,203.33493718627784,40.66698743725557,50345.7304473224,137.9335080748559,149.65451376910048
1003730040,327 EAST 3 STREET,C6,6.0,1920,298.88549719641145,254.05267261694974,50.81053452338995,62903.441739956754,172.33819654782673,186.982767046075
1003730046,317 EAST 3 STREET,C6,6.0,1925,291.3414596621268,247.64024071280778,49.52804814256156,61315.72360049121,167.9882838369622,182.26321716462655
1003730049,311 EAST 3 STREET,C6,6.0,1920,288.065958906075,244.85606507016377,48.971213014032756,60626.36171137255,166.09962112704807,180.21406389164054
1003730032,37 AVENUE D,C7,6.0,1900,253.3044089747929,215.30874762857394,43.06174952571479,53310.445912834904,146.05601619954768,158.46723825463042
1003740041,41 AVENUE D,C7,6.0,1900,291.02643657621684,247.3724710897843,49.47449421795687,61249.4238418306,167.80664066254957,182.06613872208126
1003480007,110 SUFFOLK STREET,C6,6.0,1920,180.52668683706378,153.44768381150422,30.689536762300847,37993.646511728446,104.09218222391355,112.93749528526712
1003480021,163 RIVINGTON STREET,C7,6.0,1920,223.28357750993825,189.79104088344752,37.9582081766895,46992.261722741605,128.7459225280592,139.68620609021738
1003440173,72 CLINTON STREET,C6,6.0,1925,231.1190263138982,196.45117236681347,39.290234473362695,48641.31027802302,133.26386377540553,144.58806286197472
1003440146,42 CLINTON STREET,C7,6.0,1920,182.92467576884013,155.48597440351412,31.097194880702826,38498.3272623101,105.4748692118085,114.4376771609864
1003440154,141 ATTORNEY STREET,C6,6.0,1920,338.37832476731074,287.62157605221415,57.524315210442836,71215.10223052822,195.10986912473487,211.68947997442962
1003490032,158 RIVINGTON STREET,C7,6.0,1900,109.21825994922582,92.83552095684195,18.56710419136839,22986.074988914068,62.975547914833065,68.32694342423568
1003490027,63 CLINTON STREET,C4,6.0,1920,178.86166147126997,152.03241225057948,30.4064824501159,37643.225273243486,103.13212403628353,111.89585541642651
1003490026,61 CLINTON STREET,C4,6.0,1920,176.34028562554727,149.88924278171518,29.977848556343037,37112.57651275268,101.67829181576077,110.31848268734237
1003500030,168 STANTON STREET,C7,6.0,1920,177.7616797213782,151.09742776317145,30.219485552634293,37411.72311416126,102.49787154564729,111.2077068336942
1003500028,23 CLINTON STREET,C7,6.0,1920,202.82076304656323,172.39764858957875,34.47952971791575,42685.657790779704,116.9470076459718,126.88466936192998
1003450029,200 STANTON STREET,C7,6.0,1920,154.88677530100284,131.6537590058524,26.330751801170482,32597.470729849058,89.30813898588782,96.89716662830737
1003500075,184 STANTON STREET,C4,6.0,1920,227.3709273458325,193.26528824395763,38.65305764879153,47852.48536920392,131.10269964165457,142.24325214755285
1003500077,182 STANTON STREET,C4,6.0,1920,117.85854980821213,100.1797673369803,20.035953467396062,24804.510392636326,67.95756271955158,73.73230876001752
1003450018,333 EAST HOUSTON STREET,C7,6.0,1920,178.2759632627879,151.53456877336973,30.306913754673946,37519.959228286345,102.79440884462012,111.52944261720012
1003450014,325 EAST HOUSTON STREET,C4,6.0,1920,145.13097779873314,123.36133112892317,24.672266225784636,30544.26558752138,83.68291941786678,90.79393971088746
1003500057,309 EAST HOUSTON STREET,C6,6.0,1920,304.90665070494794,259.17065309920577,51.834130619841154,64170.65370736335,175.81001015715987,190.74960068101544
1003840026,243 EAST 2 STREET,C4,6.0,1900,123.92780093758152,105.33863079694429,21.067726159388858,26081.844985323405,71.45710954883124,77.52923226655099
1003850038,21 AVENUE C,C6,6.0,1900,244.628645765149,207.93434890037665,41.58686978007533,51484.54478773326,141.05354736365277,153.03968079067724
1003850037,25 AVENUE C,C1,6.0,2000,153.75041350186225,130.68785147658292,26.137570295316586,32358.312025601932,88.65290965918338,96.18625868676503
1003850054,232 EAST 2 STREET,C4,6.0,1910,172.6337751212477,146.73870885306056,29.347741770612114,36332.504312017794,99.54110770415834,107.99968971585257
1003850035,29 AVENUE C,C1,6.0,2000,153.91771306725383,130.83005610716575,26.166011221433152,32393.521892134242,88.74937504694313,96.290921294874
1003850050,240 EAST 2 STREET,C4,6.0,1910,183.35096210400727,155.84831778840618,31.169663557681236,38588.04348440937,105.72066708057362,114.70436189226695
1003850034,31 AVENUE C,C7,6.0,1900,212.05233310627565,180.2444831403343,36.04889662806686,44628.534025546775,122.26995623437473,132.65993959128605
1003970038,6 AVENUE B,C7,6.0,1900,107.54822287183327,91.41598944105829,18.283197888211657,22634.59898560603,62.012599960564465,67.28216822861889
1003970033,14 AVENUE B,C7,6.0,1925,275.0916999395201,233.82794494859206,46.76558898971842,57895.7991692714,158.61862786101753,172.09736748216378
1003970025,185 EAST 2 STREET,C6,6.0,1915,195.55527387320365,166.2219827922231,33.24439655844462,41156.56293935444,112.75770668316284,122.33937933507619
1003970022,181 EAST 2 STREET,C4,6.0,1910,386.8571042168314,328.82853858430667,65.76570771686134,81417.94615347435,223.0628661739023,242.01780439804972
1003550067,157 SUFFOLK STREET,C1,6.0,1900,318.4331103414159,270.6681437902035,54.1336287580407,67017.43240245439,183.60940384234078,199.21175382958978
1003500050,6 CLINTON STREET,C4,6.0,1930,187.1775717691236,159.10093600375507,31.820187200751015,39393.39175452976,107.9271006973418,117.09828889876374
1003500051,299 EAST HOUSTON STREET,C7,6.0,1920,249.1096198007486,211.7431768306363,42.34863536612726,52427.61058326555,143.6372892692207,155.84297814734833
1003500007,178 SUFFOLK STREET,C6,6.0,1910,214.61238462787594,182.42052693369453,36.48410538673891,45167.32246878277,123.74608895556922,134.2615078231992
1003550062,167 SUFFOLK STREET,C4,6.0,1900,348.6229119424174,296.32947515105474,59.26589503021095,73371.17804740116,201.01692615726344,218.0984937111763
1003550062,167 SUFFOLK STREET,C4,6.0,1900,348.6229119424174,296.32947515105474,59.26589503021095,73371.17804740116,201.01692615726344,218.0984937111763
1003500012,271 EAST HOUSTON STREET,C7,6.0,1920,182.69343898452206,155.28942313684374,31.05788462736875,38449.66116868251,105.34153744844524,114.293015428717
1003550044,178 NORFOLK STREET,C7,6.0,1900,191.7852021946474,163.0174218654503,32.60348437309006,40363.1136538855,110.58387302434383,119.98082249297143
1003550046,184 NORFOLK STREET,C4,6.0,1900,357.55898924256917,303.92514085618376,60.78502817123675,75251.8648759911,206.1694928109345,223.68890367015126
1003550046,184 NORFOLK STREET,C4,6.0,1900,357.55898924256917,303.92514085618376,60.78502817123675,75251.8648759911,206.1694928109345,223.68890367015126
1003550048,188 NORFOLK STREET,C4,6.0,1900,128.16118367342708,108.93700612241301,21.787401224482604,26972.802715909464,73.89808963262867,80.17763650609598
1003970022,181 EAST 2 STREET,C4,6.0,1910,386.8571042168314,328.82853858430667,65.76570771686134,81417.94615347435,223.0628661739023,242.01780439804972
1003980043,190 EAST 2 STREET,C7,6.0,1900,307.39053948238194,261.28195856002463,52.25639171200493,64693.4129394621,177.242227231403,192.30352150017814
1003970018,171 EAST 2 STREET,C1,6.0,1900,161.68290441666934,137.43046875416894,27.48609375083379,34027.78406353223,93.22680565351295,101.14882500306834
1003980053,170 EAST 2 STREET,C7,6.0,1900,264.22616729672706,224.592242202218,44.9184484404436,55609.03916926918,152.3535319706005,165.29989026083243
1003980066,24 AVENUE A,C6,6.0,1900,227.42226830469292,193.30892805898898,38.6617856117978,47863.290587405674,131.13230297919364,142.2753710514159
1004290045,114 EAST 1 STREET,C7,6.0,1920,274.7055812555175,233.49974406718985,46.69994881343797,57814.53663103621,158.39599076996222,171.8558116334517
1004290047,110 EAST 1 STREET,C1,6.0,1900,232.30523376302472,197.459448698571,39.4918897397142,48890.95949776618,133.9478342404553,145.33015424214827
1003990047,181 EAST 3 STREET,C7,6.0,1900,292.4827915746693,248.6103728384689,49.72207456769378,61555.9283148049,168.64637894467097,182.9772344091131
1003730019,332 EAST 4 STREET,C7,6.0,1920,266.7353843903427,226.7250767317913,45.34501534635826,56137.12899879152,153.80035342134664,166.8696564745984
1003730017,328 EAST 4 STREET,C1,6.0,1900,142.5870289709445,121.19897462530281,24.239794925060565,30008.866117224978,82.21607155404104,89.20244532422288
1003730016,326 EAST 4 STREET,C1,6.0,1899,131.14669469142908,111.47469048771471,22.294938097542943,27601.133364758163,75.61954346509086,82.04537219895803
1003750042,63 AVENUE D,C7,6.0,1900,172.20407077657725,146.37346016009067,29.274692032018137,36242.06873563845,99.29333900174919,107.73086667782675
1003750039,67 AVENUE D,C7,6.0,1910,218.01901148360062,185.31615976106053,37.06323195221211,45884.28115683859,125.71035933380435,136.39269358414055
1003740065,307 EAST 4 STREET,C6,6.0,1900,277.7575748769823,236.09393864543495,47.21878772908699,58456.8592086097,160.1557786537252,173.76513884304012
1003750030,742 EAST 6 STREET,C6,6.0,1902,271.467435153817,230.74731988074444,46.149463976148894,57133.03640247233,156.52886685608857,169.83002743222792
1003760041,745 EAST 6 STREET,C6,6.0,1900,299.9319390642046,254.9421482045739,50.98842964091478,63123.6758954525,172.94157779576028,187.63742107856638
1003740006,64 AVENUE C,C6,6.0,1910,238.3402930761296,202.58924911471016,40.51784982294203,50161.098080802236,137.42766597480065,149.10568734842667
1003740008,702 EAST 5 STREET,C6,6.0,1900,162.88811618475182,138.45489875703905,27.69097975140781,34281.43293224287,93.92173406093936,101.90280548518074
1003870143,653 EAST 5 STREET,C6,6.0,1900,187.0639671919196,159.00437211313167,31.800874422626336,39369.482535211406,107.86159598688056,117.02721787526491
1003760031,276 EAST 7 STREET,C6,6.0,1920,189.54317632148457,161.11169987326187,32.22233997465238,39891.256888619646,109.2911147633415,118.57821110672074
1003760030,274 EAST 7 STREET,C4,6.0,1910,188.39672118452637,160.13721300684742,32.027442601369486,39649.97394049542,108.63006559039842,117.86098877303971
1003760028,272 EAST 7 STREET,C4,6.0,1900,191.73493266083776,162.97469276171208,32.59493855234242,40352.533927799916,110.55488747342443,119.9493738726201
1003760019,254 EAST 7 STREET,C6,6.0,1910,230.13933632956483,195.6184358801301,39.123687176026024,48435.12472392022,132.69897184635676,143.97516880777576
1003760018,250 EAST 7 STREET,C6,6.0,1928,178.91816915990617,152.08044378592024,30.41608875718405,37655.11788139385,103.16470652436672,111.9312066264373
1003760016,248 EAST 7 STREET,C6,6.0,1928,177.0577315768705,150.49907184033992,30.099814368067985,37263.57018766816,102.09197311689908,110.76731687449018
1003850002,21 AVENUE B,C7,6.0,1900,153.3771118322265,130.37054505739252,26.074109011478505,32279.74695621039,88.4376628937271,95.95272116224089
1003850003,23 AVENUE B,C7,6.0,1900,146.53723158276148,124.55664684534726,24.911329369069453,30840.22575890798,84.49376920248763,91.67369207817558
1003850055,230 EAST 2 STREET,C4,6.0,1910,163.13727521875037,138.6666839359378,27.733336787187564,34333.870942538204,94.06539984257043,102.05867937685024
1003860053,233 EAST 3 STREET,C1,6.0,1910,284.3790347162788,241.72217950883697,48.3444359017674,59850.411646388035,163.9737305380494,177.90752411850403
1003990038,38 AVENUE B,C7,6.0,1900,171.50735202254359,145.78124921916205,29.156249843832413,36095.43730666453,98.89160905935486,107.29499942530327
1003860011,250 EAST 4 STREET,C4,6.0,1900,525.2938150966718,446.499742832171,89.29994856643421,110553.33632524555,302.8858529458782,328.6238107244779
1003860011,250 EAST 4 STREET,C4,6.0,1900,525.2938150966718,446.499742832171,89.29994856643421,110553.33632524555,302.8858529458782,328.6238107244779
1003860011,250 EAST 4 STREET,C4,6.0,1900,525.2938150966718,446.499742832171,89.29994856643421,110553.33632524555,302.8858529458782,328.6238107244779
1003860010,53 AVENUE B,C7,6.0,1900,193.6595728727553,164.610636941842,32.9221273883684,40757.59370680008,111.66464029260295,121.15342878919571
1003990033,46 AVENUE B,C7,6.0,1900,241.7259811356741,205.46708396532298,41.0934167930646,50873.649989813974,139.3798629857917,151.2237737984777
1003990030,50 AVENUE B,C7,6.0,1900,330.32509038348076,280.7763268259586,56.155265365191724,69520.21852210736,190.46635211536264,206.6513765439055
1004000039,235 EAST 4 STREET,C7,6.0,1920,365.7043760680047,310.848719657804,62.1697439315608,76966.14298727228,210.86614517060897,228.78465766814375
1003990041,191 EAST 3 STREET,C7,6.0,1900,289.01198267625654,245.66018527481805,49.13203705496361,60825.46187404495,166.6451010247807,180.80589636226608
1003990043,189 EAST 3 STREET,C7,6.0,1900,138.9532817674904,118.11028950236684,23.62205790047337,29244.10768078603,80.12084296105762,86.92917307374199
1003990026,234 EAST 4 STREET,C7,6.0,1900,279.9687096041468,237.97340316352478,47.59468063270496,58922.21462328874,161.4307249953116,175.14842472835426
1003990024,230 EAST 4 STREET,C1,6.0,1900,280.1947327175993,238.1655228099594,47.633104561991885,58969.783447745955,161.56105054176973,175.28982478813015
1003870047,279 EAST 4 STREET,C4,6.0,1900,181.28671930339945,154.09371140788954,30.81874228157791,38153.602944593455,104.53041902628344,113.41297159620672
1003870048,277 EAST 4 STREET,C1,6.0,1920,182.0967443438,154.78223269223,30.956446538446002,38324.08081459615,104.99748168382507,113.91972326148128
1003870015,610 EAST 5 STREET,C6,6.0,1900,195.10075464734692,165.83564145024488,33.16712829004898,41060.90482308064,112.49562965227571,122.05503210738023
1003870157,619 EAST 5 STREET,C1,6.0,1900,296.4538703183856,251.98578977062778,50.39715795412556,62391.681547207445,170.9361138279656,185.46154127118206
1003870119,620 EAST 6 STREET,C7,6.0,1920,201.6731326165827,171.4221627240953,34.28443254481906,42444.127490486,116.28528079585205,126.16671176493415
1004000045,225 EAST 4 STREET,C6,6.0,1937,193.74749702226114,164.68537246892197,32.937074493784394,40776.09822330508,111.71533759809611,121.20843413712656
1004000047,223 EAST 4 STREET,C6,6.0,1937,193.69113806104764,164.63746735189048,32.927493470378096,40764.23691632808,111.68284086665228,121.1731759709914
1004000050,213 EAST 4 STREET,C7,6.0,1900,283.4365577966501,240.9210741271526,48.18421482543052,59652.057953882984,163.43029576406298,177.31791055758433
1004000038,60 AVENUE B,C7,6.0,1900,182.26417089285783,154.92454525892916,30.984909051785834,38359.317406110866,105.0940202907147,114.02446531057188
1004000026,540 EAST 5 STREET,C7,6.0,1929,236.6133439707392,201.12134237512834,40.22426847502567,49797.64437208178,136.43190238926513,148.02530798809445
1004000024,536 EAST 5 STREET,C7,6.0,1929,230.17727158254678,195.65068084516477,39.13013616903296,48443.1085772628,132.72084541715836,143.9989011020413
1004010042,543 EAST 5 STREET,C7,6.0,1900,161.48971192040085,137.26625513234072,27.453251026468145,33987.124770767565,93.11541033087003,101.02796377740276
1003870141,73 AVENUE C,C6,6.0,1920,187.0652257005692,159.0054418454838,31.80108836909676,39369.74740094179,107.86232164641586,117.02800519827606
1003870140,77 AVENUE C,C7,6.0,1900,186.94297739805486,158.90153078834663,31.78030615766933,39344.01902319463,107.79183294025927,116.95152666022314
1003760014,246 EAST 7 STREET,C1,6.0,1928,259.60285605785185,220.66242764917408,44.13248552983482,54636.017085935506,149.68771804365892,162.40754674979212
1003760011,238 EAST 7 STREET,C4,6.0,1900,263.2119620008804,223.73016770074835,44.746033540149675,55395.5895227053,151.76873841837067,164.6654034277508
1003760005,98 AVENUE C,C6,6.0,1900,229.96757795676166,195.47244126324742,39.094488252649484,48398.97645678006,132.59993549802755,143.8677167697501
1003770062,249 EAST 7 STREET,C6,6.0,2001,219.34969621590818,186.44724178352195,37.28944835670439,46164.33706560003,126.47763579616448,137.22516995267216
1003890036,645 EAST 6 STREET,C7,6.0,1935,573.5808444046172,487.5437177439246,97.50874354878493,120715.82451339575,330.7282863380706,358.8321762595285
1003780039,115 AVENUE D,C7,6.0,1900,194.43959812707902,165.27365840801716,33.054731681603435,40921.75782182506,112.11440499130153,121.64141258830064
1003890032,99 AVENUE C,C7,6.0,1907,308.22965667599584,261.9952081745965,52.3990416349193,64870.013544030095,177.72606450419204,192.82847321650303
1003770066,243 EAST 7 STREET,C7,6.0,1899,139.17230019513,118.2964551658605,23.6592910331721,29290.20229906706,80.24712958648509,87.06619100207332
1003770067,241 EAST 7 STREET,C6,6.0,1900,158.2597159534106,134.520758560399,26.904151712079802,33307.33981955479,91.25298580699943,99.00727830045366
1003770002,112 AVENUE C,C7,6.0,1900,301.7291056165758,256.4697397740894,51.29394795481789,63501.90756806455,173.9778289536015,188.76172847372982
1003770016,368 EAST 8 STREET,C6,6.0,1923,298.5120595012237,253.73525057604013,50.747050115208026,62824.848042627535,172.12287134966448,186.74914442396553
1003890054,613 EAST 6 STREET,C6,6.0,1920,166.01433891760328,141.11218807996278,28.222437615992558,34939.37776859879,95.72432265369531,103.85857042685262
1003900037,107 AVENUE C,C6,6.0,1900,219.67835900715636,186.7266051560829,37.345321031216585,46233.507436646134,126.6671436620442,137.43078139487702
1003980061,156 EAST 2 STREET,C7,6.0,1919,229.76863978586053,195.30334381798144,39.06066876359629,48357.107929332204,132.48522720364988,143.74326105003433
1004000061,193 EAST 4 STREET,C7,6.0,1900,121.57157962505794,103.33584268129924,20.66716853625985,25585.954647889695,70.0985058846293,76.05518021343624
1004340049,417 EAST 6 STREET,C1,6.0,1897,154.05655775375493,130.94807409069168,26.189614818138338,32422.743144855263,88.82943327357606,96.37778253074907
1004340019,110 EAST 7 STREET,C7,6.0,1898,148.29973600411046,126.05477560349388,25.210955120698777,31211.162439425087,85.51003408061668,92.77631484417151
1004350043,117 EAST 7 STREET,C7,6.0,1907,249.22080705374222,211.83768599568089,42.36753719913618,52451.01105253059,143.70140014391944,155.91253689282115
1004150012,176 ELDRIDGE STREET,C7,6.0,1920,443.5289721013772,376.9996262861706,75.39992525723413,93345.10746845586,255.7400204615229,277.4717249466216
1004150012,176 ELDRIDGE STREET,C7,6.0,1920,443.5289721013772,376.9996262861706,75.39992525723413,93345.10746845586,255.7400204615229,277.4717249466216
1004150022,145 ALLEN STREET,C7,6.0,1900,115.00122433558576,97.7510406852479,19.55020813704958,24203.15767366738,66.31002102374624,71.94476594434245
1004160032,66 RIVINGTON STREET,C7,6.0,1900,270.51799185820903,229.94029307947767,45.98805861589554,56933.21656647868,155.98141525062653,169.23605570649556
1004160063,155 ORCHARD STREET,C7,6.0,1900,178.3549573806806,151.6017137735785,30.3203427547157,37536.58433033804,102.83995706941928,111.57886133735377
1004160062,157 ORCHARD STREET,C7,6.0,1900,187.48690476773152,159.36386905257177,31.872773810514357,39458.49397741677,108.10546295182678,117.29180762269283
1004160055,85 STANTON STREET,C6,6.0,1900,160.62015781815262,136.52713414542973,27.305426829085945,33804.1184144084,92.61402305317371,100.48397073103628
1004210078,42 RIVINGTON STREET,C7,6.0,1900,305.7046211425327,259.84892797115276,51.96978559423056,64338.59456565743,176.2701220976916,191.24881098676846
1004210080,40 RIVINGTON STREET,C7,6.0,1900,165.14644154605168,140.37447531414392,28.074895062828787,34756.720087782036,95.22389065145764,103.31561383120993
1004210043,172 FORSYTH STREET,C6,6.0,1900,203.821978478037,173.24868170633147,34.6497363412663,42896.373590487674,117.52431120681554,127.51102973585996
1004220064,231 ELDRIDGE STREET,C7,6.0,1900,224.82345954364095,191.0999406120948,38.21998812241896,47316.345295554675,129.63382272754706,140.64955629050175
1004220062,233 ELDRIDGE STREET,C7,6.0,1900,223.96381259044875,190.36924070188144,38.07384814037629,47135.42399778585,129.13814793913932,140.11176115658475
1004220060,237 ELDRIDGE STREET,C6,6.0,1900,309.04271956471246,262.6863116300056,52.53726232600113,65041.130759589396,178.19487879339562,193.33712535968414
1004220057,245 ELDRIDGE STREET,C7,6.0,1900,217.553792135042,184.92072331478568,36.984144662957135,45786.371092740934,125.44211258285188,136.10165235968225
1004170019,201 ALLEN STREET,C7,6.0,1900,219.10736820206904,186.2412629717587,37.24825259435174,46113.33671180745,126.33790879947247,137.07356954721442
1004170018,159 EAST HOUSTON STREET,C7,6.0,1900,396.75454534712884,337.2413635450595,67.4482727090119,83500.96161375674,228.76975784590886,248.2096435691638
1004420021,49 EAST 1 STREET,C6,6.0,1920,235.15660779602848,199.8831166266242,39.976623325324844,49491.05967675216,135.59194431986893,147.1139738371954
1004120040,162 LUDLOW STREET,C7,6.0,1900,181.946678011336,154.6546763096356,30.930935261927118,38292.49785426577,104.91095302538567,113.82584176389179
1004120035,161 LUDLOW STREET,C4,6.0,1900,183.30459240393236,155.8089035433425,31.161780708668502,38578.2845173316,105.69393018447015,114.67535300790007
1004110018,101 STANTON STREET,C7,6.0,1920,177.04292789331845,150.48648870932067,30.097297741864136,37260.4546044278,102.08343727240494,110.75805569006002
1004110011,166 ORCHARD STREET,C7,6.0,1920,155.57517305576994,132.23889709740445,26.44777941948089,32742.350921317342,89.70507101730779,97.32782826368968
1004120001,172 ORCHARD STREET,C7,6.0,1920,221.5931637445087,188.35418918283239,37.67083783656648,46636.4972416693,127.77122531964191,138.62868323856463
1004170068,86 STANTON STREET,C7,6.0,1920,174.02875698035976,147.92444343330578,29.58488868666116,36626.092194086516,100.34545806599046,108.87239036691307
1004170056,185 EAST HOUSTON STREET,C7,6.0,1900,391.33458630955397,332.63439836312085,66.52687967262418,82360.27703470874,225.64459461564036,244.81891719525694
1004170056,185 EAST HOUSTON STREET,C7,6.0,1900,391.33458630955397,332.63439836312085,66.52687967262418,82360.27703470874,225.64459461564036,244.81891719525694
1004170054,179 EAST HOUSTON STREET,C7,6.0,1900,156.84337750613125,133.31687088021155,26.66337417604231,33009.257229940384,90.43632117791886,98.12121696783571
1004290005,18 1 AVENUE,C7,6.0,1900,272.5619208574526,231.6776327288347,46.335526545766946,57363.38186365948,157.15995031139585,170.51473768842234
1004430050,54 EAST 1 STREET,C6,6.0,1910,169.3243181130722,143.92567039611137,28.785134079222274,35635.99599007718,97.63286572623885,105.92929341153797
1005070004,232 ELIZABETH STREET,C7,6.0,1910,214.19770666235817,182.06805066300444,36.41361013260089,45080.049344159896,123.50698450454766,134.00208528797125
1005080044,233 ELIZABETH STREET,C7,6.0,1910,244.14427571957106,207.5226343616354,41.504526872327084,51382.60426794093,140.77425826833132,152.73665889016365
1005080053,31 PRINCE STREET,C7,6.0,1910,191.1078386321331,162.44166283731315,32.48833256746263,40220.555718518735,110.19330333840749,119.55706384826247
1005080042,239 ELIZABETH STREET,CB,6.0,1914,116.5698251517811,99.08435137901394,19.81687027580279,24533.285401443853,67.21448055190096,72.92608261495427
1005080001,246 MOTT STREET,C7,6.0,1897,615.1596428381035,522.885696412388,104.57713928247762,129466.4984317073,354.70273542933506,384.84387255951765
1005080001,246 MOTT STREET,C7,6.0,1897,615.1596428381035,522.885696412388,104.57713928247762,129466.4984317073,354.70273542933506,384.84387255951765
1005080001,246 MOTT STREET,C7,6.0,1897,615.1596428381035,522.885696412388,104.57713928247762,129466.4984317073,354.70273542933506,384.84387255951765
1005080001,246 MOTT STREET,C7,6.0,1897,615.1596428381035,522.885696412388,104.57713928247762,129466.4984317073,354.70273542933506,384.84387255951765
1005080035,253 ELIZABETH STREET,C7,6.0,1910,123.04863291274593,104.59133797583404,20.91826759516681,25896.81528281651,70.95017885703153,76.97922475021386
1005080014,274 MOTT STREET,C4,6.0,1925,222.14176570961922,188.82050085317633,37.76410017063527,46751.95601124646,128.08755071574373,138.97188862793777
1005090027,285 MOTT STREET,C7,6.0,1900,423.1642681614259,359.68962793721204,71.93792558744241,89059.1518772537,243.99767637603753,264.73156616178807
1005210026,302 MOTT STREET,C7,6.0,1905,322.1389737816559,273.8181277144075,54.763625542881506,67797.36842208731,185.74621485503374,201.53014199780395
1004290009,26 1 AVENUE,C7,6.0,1920,237.40876473326105,201.7974500232719,40.35949000465438,49965.04862576212,136.8905441801702,148.52292321712812
1004440024,70 EAST 3 STREET,C1,6.0,1920,179.9413183514557,152.95012059873733,30.59002411974747,37870.44986024737,103.75465715136265,112.57128876067068
1004440022,66 EAST 3 STREET,C7,6.0,1910,224.60321454524947,190.91273236346206,38.182546472692415,47269.99253319321,129.50682885806359,140.51177101950807
1004440019,60 EAST 3 STREET,C7,6.0,1898,157.12937029240297,133.5599647485425,26.711992949708502,33069.447271739125,90.601225402025,98.3001340549273
1004440018,58 EAST 3 STREET,C1,6.0,1900,199.28637087086946,169.39341524023905,33.87868304804781,41941.809613483194,114.90906743420054,124.67355361681594
1004440014,50 EAST 3 STREET,C1,6.0,1900,261.4260323842708,222.21212752663018,44.44242550532604,55019.72277559364,150.73896650847573,163.54812585959985
1004450047,77 EAST 3 STREET,C7,6.0,1900,174.01208374442865,147.91027118276435,29.58205423655287,36622.583144852455,100.33584423247248,108.86195959051457
1004450049,75 EAST 3 STREET,C4,6.0,1900,160.42665012492978,136.3626526061903,27.27253052123806,33763.392785292715,92.50244598710333,100.36291231815606
1004450050,73 EAST 3 STREET,C4,6.0,1900,152.57329522899323,129.68730094464425,25.937460188928853,32110.57571389392,87.97418003806553,95.44985349525818
1004450051,71 EAST 3 STREET,C6,6.0,1900,156.9558804325061,133.41249836763018,26.68249967352604,33032.93459582524,90.50119067349381,98.19159879857582
1004450042,89 EAST 3 STREET,C6,6.0,1900,164.84873164663128,140.12142189963657,28.024284379927316,34694.064062350015,95.05223030780826,103.12936651813253
1004450033,57 1 AVENUE,C7,6.0,1900,148.70646411734154,126.4004944997403,25.28009889994806,31296.7624381357,85.74455462502932,93.03076395180886
1004450028,124 EAST 4 STREET,C7,6.0,1910,155.8568181854754,132.47829545765407,26.495659091530815,32801.62595531515,89.86746837072643,97.5040254568334
1004460026,336 EAST 5 STREET,C7,6.0,1900,159.13130066890668,135.26160556857067,27.052321113714136,33490.7735387781,91.75554394185781,99.55254169846802
1004450020,108 EAST 4 STREET,C7,6.0,1900,294.5951345494505,250.40586436703293,50.08117287340659,62000.492017277356,169.86436169117084,184.29871617413625
1004460011,306 EAST 5 STREET,C1,6.0,1920,289.36299972328845,245.95854976479518,49.19170995295904,60899.336921763286,166.84749841578983,181.02549262688925
1004470036,343 EAST 5 STREET,C4,6.0,1900,240.10357895188497,204.08804210910222,40.817608421820445,50532.199226213714,138.4443814416814,150.20879899229922
1004470036,343 EAST 5 STREET,C4,6.0,1900,240.10357895188497,204.08804210910222,40.817608421820445,50532.199226213714,138.4443814416814,150.20879899229922
1004450009,68 2 AVENUE,C7,6.0,1907,244.65984786089055,207.96087068175697,41.592174136351396,51491.11158080303,141.07153857754255,153.05920082177315
1004430020,67 EAST 2 STREET,C4,6.0,1899,419.65476385770455,356.7065492790489,71.34130985580978,88320.54160149251,241.97408657943154,262.53602026938
1004430004,26 2 AVENUE,C7,6.0,1900,252.53754398815795,214.65691238993426,42.93138247798686,53149.05150774773,145.61383974725405,157.98748751899166
1004430004,26 2 AVENUE,C7,6.0,1900,252.53754398815795,214.65691238993426,42.93138247798686,53149.05150774773,145.61383974725405,157.98748751899166
1004440008,50 2 AVENUE,CB,6.0,1899,165.13245995467412,140.362590961473,28.0725181922946,34753.777522060715,95.2158288275636,103.30686694764411
1004570020,21 EAST 2 STREET,C1,6.0,1900,386.6795815444208,328.67764431275765,65.73552886255153,81380.5847318388,222.96050611462684,241.90674621418964
1004580032,32 EAST 2 STREET,C6,6.0,1901,216.933719115397,184.39366124808745,36.87873224961749,45655.870525026454,125.0845767808944,135.71373467859237
1004590035,53 2 AVENUE,C7,6.0,1897,196.05361462183305,166.6455724285581,33.32911448571162,41261.44373331099,113.04505132413969,122.65114130741877
1004590036,27 EAST 3 STREET,C6,6.0,1898,131.70697569233002,111.9509293384805,22.390185867696104,27719.050104207778,75.94260302522679,82.39588399312166
1004590039,21 EAST 3 STREET,C6,6.0,1906,145.82427212295457,123.95063130451138,24.790126260902277,30690.17631099702,84.08267482464937,91.22766464012038
1004590016,60 EAST 4 STREET,C6,6.0,1891,190.5522202577705,161.96938721910493,32.39387744382099,40103.62027545038,109.8729322615079,119.20946899326123
1004470026,340 EAST 6 STREET,C7,6.0,1908,151.35505683938382,128.65179831347623,25.73035966269525,31854.18526241672,87.27174044497731,94.68772355871852
1004460009,302 EAST 5 STREET,C7,6.0,1920,259.7030664419546,220.7476064756614,44.14952129513228,54657.10736337376,149.74549962568153,162.4702383660868
1004470053,309 EAST 5 STREET,C7,6.0,1900,297.77781531493093,253.1111430176913,50.62222860353826,62670.31901118037,171.6995041402202,186.28980126102078
1004470001,88 2 AVENUE,C7,6.0,1904,308.57683637043516,262.2903109148699,52.45806218297398,64943.08098252179,177.92624926718298,193.04566883334425
1004470003,92 2 AVENUE,C7,6.0,1904,313.26389217291273,266.27430834697583,53.25486166939517,65929.51874671121,180.6288184841403,195.9778909433742
1004480024,80 EAST 7 STREET,C7,6.0,1852,197.27876765614394,167.68695250772234,33.53739050154447,41519.289440912056,113.75147792030701,123.41759704568365
1004480022,76 EAST 7 STREET,C7,6.0,1852,193.052705803573,164.09479993303702,32.8189599866074,40629.87246341997,111.31471907786293,120.77377275071524
1004480021,74 EAST 7 STREET,C7,6.0,1897,146.23728713168225,124.30169406192991,24.860338812385983,30777.099449733847,84.32082041022971,91.48604682958042
1004480020,72 EAST 7 STREET,C7,6.0,1897,150.1523659589378,127.62951106509712,25.525902213019425,31601.066939718046,86.57826558826862,93.93532014391148
1004480019,70 EAST 7 STREET,C1,6.0,1897,142.7919455000284,121.37315367502413,24.274630735004827,30051.992849935974,82.33422698612596,89.33064110481776
1004480017,66 EAST 7 STREET,C7,6.0,1897,144.78937197514978,123.07096617887731,24.614193235775463,30472.371225890023,83.48594856408225,90.5802311076537
1004490043,77 EAST 7 STREET,C7,6.0,1899,147.97237020373487,125.77651467317463,25.15530293463493,31142.26503307804,85.3212740632275,92.57151479945654
1004490044,73 EAST 7 STREET,C7,6.0,1897,319.2727286477322,271.38181935057236,54.27636387011447,67194.13847120172,184.09353005808688,199.73701904202125
1004490050,63 EAST 7 STREET,C7,6.0,1898,166.74181277399583,141.73054085789644,28.34610817157929,35092.481916415156,96.14378607237029,104.31367807141179
1004490052,59 EAST 7 STREET,C7,6.0,1897,161.85490985762797,137.57667337898377,27.515334675796755,34063.98432863638,93.32598446201749,101.25643160693205
1004490021,64 ST MARKS PLACE,C4,6.0,1900,165.97483714504276,141.07861157328634,28.21572231465727,34931.0642255457,95.70154582341287,103.83385811793876
1004600042,69 2 AVENUE,C7,6.0,1887,151.7803790505813,129.0133221929941,25.802664438598825,31943.698574985345,87.51698239722012,94.95380513404368
1004600037,77 2 AVENUE,C7,6.0,1903,260.434218228282,221.36908549403972,44.273817098807946,54810.985568324235,150.16708374883353,162.92764692361322
1004600052,69 EAST 4 STREET,C6,6.0,1899,165.55034137459057,140.717790168402,28.1435580336804,34841.724845696335,95.45678039916804,103.56829356394388
1004600053,67 EAST 4 STREET,C6,6.0,1897,163.4388962517787,138.92306181401187,27.784612362802378,34397.350105149344,94.23931535657354,102.24737349511275
1004600054,65 EAST 4 STREET,C6,6.0,1897,160.25212006537046,136.2143020555649,27.242860411112982,33726.66118895787,92.4018114765969,100.25372631289576
1004600048,77 EAST 4 STREET,C6,6.0,1892,167.06524751715165,142.0054603895789,28.40109207791578,35160.55199245974,96.33027943139655,104.51601884673008
1004600049,75 EAST 4 STREET,C6,6.0,1897,152.3371915212854,129.4866127930926,25.897322558618523,32060.885327569733,87.83804199334173,95.30214701571617
1004600050,73 EAST 4 STREET,C6,6.0,1901,160.1738115838412,136.147739846265,27.229547969253005,33710.18038593522,92.35665859160335,100.20473652685105
1004600051,71 EAST 4 STREET,C6,6.0,1899,163.3900480600542,138.88154085104605,27.776308170209212,34387.069514719005,94.21114935539454,102.2168140663699
1004600029,236 EAST 5 STREET,C1,6.0,1912,387.35289424152995,329.24996010530043,65.84999202106009,81522.29012207239,223.3487400604723,242.32797063750115
1004610035,87 2 AVENUE,C7,6.0,1910,400.9234777172462,340.7849560596593,68.15699121193187,84378.35512037165,231.1735756722511,250.81772765990928
1004610037,237 EAST 5 STREET,C7,6.0,1909,181.4706104301421,154.25001886562077,30.850003773124158,38192.304671127706,104.63645115377453,113.52801388509691
1004610046,221 EAST 5 STREET,C1,6.0,1896,165.88867703687671,141.0053754813452,28.20107509626904,34912.93096918107,95.65186566898923,103.77995635427006
1004600059,57 EAST 4 STREET,C6,6.0,1900,172.38874241940906,146.5304310564977,29.30608621129954,36280.93472958883,99.3998211769557,107.8463972575823
1004610053,207 EAST 5 STREET,C1,6.0,1905,176.83862867516729,150.3128343738922,30.06256687477844,37217.457790975706,101.96563778349508,110.63024609918466
1004610030,97 2 AVENUE,C7,6.0,1903,215.02253341920456,182.76915340632388,36.55383068126478,45253.64238340579,123.98258187234464,134.51809690705437
1004610012,208 EAST 6 STREET,C7,6.0,1900,306.54625632693427,260.5643178778941,52.11286357557882,64515.72510656658,176.75541125086733,191.77533795813005
1004630036,41 EAST 7 STREET,C7,6.0,1903,214.15627089177562,182.03283025800928,36.40656605160186,45071.3287718831,123.48309252570712,133.97616306989482
1004490018,58 ST MARKS PLACE,C7,6.0,1900,150.48914363537142,127.9157720900657,25.58315441801314,31671.945169500268,86.77245251917881,94.14600825828836
1004620017,36 EAST 7 STREET,C1,6.0,1900,161.72663246345633,137.46763759393787,27.493527518787573,34036.98706825902,93.2520193650932,101.17618126913827
1004620016,34 EAST 7 STREET,C7,6.0,1900,151.16986743131233,128.49438731661547,25.698877463323097,31815.210299593993,87.16495972491505,94.57186906502899
1004620015,32 EAST 7 STREET,C7,6.0,1900,150.92371684373614,128.28515931717573,25.657031863435147,31763.405446932713,87.02302862173346,94.41787725744133
1004490004,124 2 AVENUE,C7,6.0,1920,238.55679825916545,202.77327852029063,40.55465570405813,50206.66376162396,137.552503456504,149.2411329909339
1004490006,128 2 AVENUE,C7,6.0,1920,208.32624334837024,177.0773068461147,35.415461369222946,43844.34117509801,120.1214826715014,130.32889783874043
1004500047,55 ST MARKS PLACE,C1,6.0,1900,169.99108085553945,144.49241872720853,28.89848374544171,35776.32287685684,98.01732295029271,106.34642018322548
1004630031,127 2 AVENUE,C7,6.0,1900,189.83784504456966,161.3621682878842,32.27243365757684,39953.27286808013,109.46102155638391,118.76255585988277
1004630030,129 2 AVENUE,C7,6.0,1900,188.93466888807177,160.594468554861,32.1188937109722,39763.190414183584,108.94024771009201,118.1975288563777
1004630028,131 2 AVENUE,C7,6.0,1900,274.334784249806,233.18456661233506,46.63691332246702,57736.49869321417,158.18218820058675,171.62384102667863
1004630027,34 1/2 ST MARKS PLACE,C7,6.0,1900,127.69680626357862,108.54228532404183,21.708457064808368,26875.06984623276,73.63032834584318,79.88712199849479
1004630024,30 ST MARKS PLACE,C7,6.0,1900,189.06862790273902,160.70833371732817,32.141666743465635,39791.38342841045,109.01748884496014,118.28133361595354
1004500018,328 EAST 9 STREET,C7,6.0,1900,194.37341082728676,165.21739920319374,33.043479840638746,40907.82804271077,112.07624121290621,121.60000581355058
1004500016,324 EAST 9 STREET,C7,6.0,1910,203.82586563327396,173.25198578828287,34.65039715765658,42897.19168117884,117.5265525511749,127.5134615401762
1004500014,318 EAST 9 STREET,C7,6.0,1910,157.0844235096322,133.52175998318737,26.704351996637474,33059.98777183719,90.57530896393752,98.2720153476259
1004500012,314 EAST 9 STREET,C7,6.0,1910,160.3737118596688,136.31765508071845,27.26353101614369,33752.25139798589,92.47192163831751,100.32979413940878
1004500011,312 EAST 9 STREET,C7,6.0,1910,147.5379695351358,125.40727410486542,25.081454820973086,31050.84106836468,85.07079744757446,92.29975374118095
1004630021,24 ST MARKS PLACE,C7,6.0,1900,176.18852890265737,149.76024956725877,29.952049913451756,37080.637792853275,101.59078847357061,110.22354368150246
1004500001,132 2 AVENUE,C7,6.0,1900,158.38122204392252,134.62403873733413,26.92480774746683,33332.91199136394,91.32304655168203,99.08329251067794
1004640036,139 2 AVENUE,C7,6.0,1900,197.21294027164615,167.63099923089922,33.52619984617984,41505.435409570644,113.71352167005656,123.37641543394182
1004640034,141 2 AVENUE,C7,6.0,1900,262.868290041812,223.43804653554017,44.68760930710803,55323.26032219975,151.5705762252048,164.45040225015757
1004640033,240 EAST 9 STREET,C7,6.0,1900,129.70873589089862,110.25242550726382,22.050485101452765,27298.500555598523,74.79041248109185,81.14578517334617
1004510054,315 EAST 9 STREET,C7,6.0,1900,152.8490790803558,129.92171721830243,25.98434344366049,32168.617183251685,88.13319776233338,95.6223838726706
1004510056,311 EAST 9 STREET,C1,6.0,1900,104.33050209465199,88.68092678045419,17.73618535609084,21957.39747084046,60.157253344768385,65.26916211041429
1004730044,178 LAFAYETTE STREET,C7,6.0,1906,158.15059434707013,134.4280051950096,26.885601039001923,33284.37408628438,91.19006598982021,98.93901182352708
1004730130,37B CROSBY STREET,C6,6.0,1900,124.8385114710794,106.11273475041749,21.222546950083498,26273.51312420337,71.98222773754348,78.09897277630728
1004820025,222 LAFAYETTE STREET,C7,6.0,1900,237.60653510813296,201.96555484191302,40.39311096838261,50006.67137885767,137.00457912015798,148.64664836364798
1004820024,224 LAFAYETTE STREET,C7,6.0,1900,109.52655994263847,93.0975759512427,18.619515190248542,23050.959805527695,63.15331453569232,68.51981590011464
1004800004,184 MULBERRY STREET,C7,6.0,1900,350.68760719939417,298.08446611948506,59.616893223897016,73805.71381118451,202.20743509913564,219.39016706394102
1004800029,193 MOTT STREET,C7,6.0,1900,309.2254506392107,262.84163304332907,52.568326608665814,65079.58834152828,178.30024203158433,193.4514419198902
1004920044,11 SPRING STREET,C0,6.0,1895,197.3493153597338,167.74691805577373,33.549383611154745,41534.13691060957,113.79215591947829,123.46173168904946
1004920004,196 ELIZABETH STREET,C7,6.0,1900,169.73728142959473,144.27668921515553,28.85533784303111,35722.90824967251,97.87098150595209,106.18764326235448
1004920005,198 ELIZABETH STREET,C7,6.0,1900,239.64274186268224,203.6963305832799,40.73926611665598,50435.21145242011,138.17866151347974,149.920499309294
1004940033,213 MOTT STREET,C6,6.0,1900,147.7376840029463,125.57703140250436,25.115406280500874,31092.87297526008,85.18595335687694,92.42469511224321
1004940032,215 MOTT STREET,C6,6.0,1900,136.0955271792137,115.68119810233163,23.136239620466327,28642.664650137314,78.47305383599264,85.14136180331609
1004950042,213 MULBERRY STREET,C7,6.0,1910,129.76518816517088,110.30040994039524,22.060081988079048,27310.38150124186,74.82296301710099,81.1811017161309
1004950040,217 MULBERRY STREET,C7,6.0,1900,109.82953295463689,93.35510301144136,18.671020602288273,23114.723505632883,63.32800960447365,68.70935581642084
1004950038,219 MULBERRY STREET,C7,6.0,1890,189.67358320114948,161.22254572097705,32.24450914419541,39918.70232051392,109.3663077274354,118.65979365063912
1004950031,239 MULBERRY STREET,C7,6.0,1910,183.73393898340754,156.1738481358964,31.234769627179283,38668.64479844795,105.94149259848754,114.94395222801975
1004950031,239 MULBERRY STREET,C7,6.0,1910,183.73393898340754,156.1738481358964,31.234769627179283,38668.64479844795,105.94149259848754,114.94395222801975
1004950030,241 MULBERRY STREET,C7,6.0,1900,180.82804466150256,153.70383796227716,30.740767592455434,38057.070279459826,104.2659459711228,113.126024740236
1004940009,240 MULBERRY STREET,C7,6.0,1901,164.54067271056257,139.85957180397818,27.971914360795637,34629.229978665,94.87460268127396,102.93664484772795
1004940010,242 MULBERRY STREET,C4,6.0,1905,183.42105439038664,155.90789623182863,31.18157924636573,38602.79510700077,105.76108248493361,114.74821162662589
1004940014,46 PRINCE STREET,C7,6.0,1900,156.9357483703479,133.3953861147957,26.679077222959144,33028.69760202342,90.48958247129704,98.17900418048964
1004950011,255 LAFAYETTE STREET,C7,6.0,1926,1139.828494437698,968.8542202720433,193.77084405440868,239888.30493935794,657.2282327105697,713.076706120224
1005100026,49 PRINCE STREET,C7,6.0,1915,232.2904887854144,197.44691546760222,39.489383093520445,48887.85626977831,133.939332245968,145.32092978415525
1005090014,280 MULBERRY STREET,C7,6.0,1920,211.26355582247137,179.57402244910065,35.914804489820135,44462.527958397324,121.81514509149952,132.16648052253808
1003790037,133 AVENUE D,C7,6.0,1930,211.3093510133101,179.61294836131358,35.92258967226272,44472.166014261245,121.84155072400341,132.1951299939268
1003890022,208 EAST 7 STREET,C7,6.0,1900,295.91897610883245,251.5311296925076,50.30622593850152,62279.10771186488,170.62769236127366,185.12691145368558
1003890021,206 EAST 7 STREET,C6,6.0,1900,175.56790940897037,149.23272299762482,29.846544599524965,36950.02221421191,101.2329375731833,109.83528412625188
1003890020,204 EAST 7 STREET,C6,6.0,1900,173.28703226683004,147.29397742680553,29.458795485361108,36469.988810877054,99.91777756404672,108.40836738612887
1003890019,202 EAST 7 STREET,C7,6.0,1910,145.26211746025643,123.47279984121796,24.694559968243595,30571.865240685573,83.75853490598787,90.87598068313643
1003890018,200 EAST 7 STREET,C1,6.0,1910,150.82096182436052,128.19781755070645,25.63956351014129,31741.77962555492,86.96377979604087,94.35359371731994
1003890017,198 EAST 7 STREET,C6,6.0,1930,154.85145511486235,131.62373684763298,26.324747369526598,32590.03724347393,89.28777326979159,96.87507031985788
1003900050,209 EAST 7 STREET,C6,6.0,1900,276.35347111092545,234.90045044428663,46.98009008885733,58161.35153000538,159.34616857535718,172.88673152699496
1003900042,219 EAST 7 STREET,C6,6.0,1910,256.0257380461717,217.6218773392459,43.52437546784918,53883.17682919729,147.6251419978008,160.169701721685
1003780004,134 AVENUE C,C7,6.0,1900,375.48879348407445,319.16547446146325,63.83309489229265,79025.3714766583,216.5078670593378,234.9057892036369
1003900009,304 EAST 8 STREET,C6,6.0,1900,300.1005985567376,255.08550877322696,51.017101754645395,63159.171972251,173.03882732123563,187.74293445709506
1003780009,140 AVENUE C,C7,6.0,1920,248.03791702428873,210.83222947064542,42.16644589412908,52202.060016931806,143.01934251214195,155.17252089039502
1003790057,713 EAST 9 STREET,C4,6.0,1900,241.08774707522971,204.92458501394526,40.984917002789054,50739.32724945285,139.01185547795302,150.8244945702637
1003780004,134 AVENUE C,C7,6.0,1900,375.48879348407445,319.16547446146325,63.83309489229265,79025.3714766583,216.5078670593378,234.9057892036369
1003790017,416 EAST 10 STREET,C6,6.0,1900,258.4240511971275,219.66044351755835,43.932088703511674,54387.925814947455,149.0080159313629,161.67008642892296
1003790015,412 EAST 10 STREET,C6,6.0,1930,222.71210729023304,189.30529119669808,37.86105823933962,46871.99010030245,128.41641123370533,139.3286943207698
1003790012,406 EAST 10 STREET,C6,6.0,1930,215.82266855734065,183.44926827373953,36.68985365474791,45422.03882457791,124.44394198514496,135.0186614494723
1003910048,323 EAST 8 STREET,C6,6.0,1910,177.88940824238614,151.2059970060282,30.241199401205645,37438.60485869259,102.57152016080161,111.28761379643677
1003920037,145 AVENUE C,C7,6.0,1900,298.0472545813539,253.34016639415083,50.668033278830166,62727.02519919175,171.85486355942945,186.458362466095
1003920036,149 AVENUE C,C6,6.0,1900,117.47093905005825,99.8502981925495,19.970059638509902,24722.933832475257,67.73406529445276,73.48981946971644
1003920041,643 EAST 9 STREET,C4,6.0,1900,131.52603752669185,111.79713189768808,22.359426379537616,27680.96985786757,75.83827358319883,82.28268907669843
1004010047,533 EAST 5 STREET,C4,6.0,1900,155.48057819132572,132.15849146262687,26.431698292525375,32722.442486146414,89.65052735930524,97.26864971649337
1004010030,540 EAST 6 STREET,C4,6.0,1920,166.69794809111426,141.69325587744711,28.338651175489424,35083.250155255904,96.11849357604358,104.28623632580107
1004010056,515 EAST 5 STREET,C4,6.0,1920,118.36150086897594,100.60727573862954,20.12145514772591,24910.361472884677,68.2475656791361,74.04695494363135
1003890007,105 AVENUE B,C7,6.0,1900,176.7295358364337,150.22010546096865,30.04402109219373,37194.498112135836,101.9027345537968,110.56199761927292
1004020039,102 AVENUE B,C6,6.0,1900,111.50299518985649,94.77754591137801,18.955509182275602,23466.920367657196,64.2929325141293,69.75627379077422
1003890009,184 EAST 7 STREET,C6,6.0,1900,254.06711067707113,215.95704407551045,43.19140881510209,53470.964113096394,146.49579209067505,158.9443844395757
1004020032,178 EAST 7 STREET,C7,6.0,1900,159.62784542021805,135.68366860718535,27.13673372143707,33595.27634713909,92.04185300586053,99.86318009488842
1004350030,125 AVENUE A,C7,6.0,1920,153.88610107648287,130.80318591501043,26.160637183002088,32386.868832556585,88.7311474864564,96.27114483344768
1004360034,131 AVENUE A,C7,6.0,1920,364.4680879512594,309.7978747585705,61.9595749517141,76705.95379022206,210.1532980554029,228.0112358223079
1004360036,121 ST MARKS PLACE,C7,6.0,1907,325.44321699254346,276.6267344436619,55.32534688873238,68492.77944825069,187.65145054315258,203.59727655053518
1004360037,119 ST MARKS PLACE,C7,6.0,1910,203.4486766731977,172.93137517221803,34.58627503444361,42817.80849264119,117.30906436340052,127.27749212675246
1004360039,115 ST MARKS PLACE,C7,6.0,1900,201.48168462319367,171.25943192971462,34.251886385942925,42403.83534579734,116.17489135834889,126.04694190026997
1003900009,304 EAST 8 STREET,C6,6.0,1900,300.1005985567376,255.08550877322696,51.017101754645395,63159.171972251,173.03882732123563,187.74293445709506
1003910055,309 EAST 8 STREET,C4,6.0,1900,145.88397141254345,124.00137570066192,24.800275140132385,30702.740623483893,84.11709759858601,91.26501251568718
1003910056,307 EAST 8 STREET,C6,6.0,1900,157.52881995609934,133.89949696268442,26.779899392536887,33153.515447960664,90.83154917249497,98.55002976453574
1003910057,303 EAST 8 STREET,C6,6.0,1900,278.42282719723744,236.6594031176518,47.33188062353037,58596.868211930596,160.53936496419342,174.18132069459173
1003910059,299 EAST 8 STREET,C1,6.0,1900,291.8480410511161,248.0708348934487,49.614166978689745,61422.3387196179,168.28038005374768,182.58013448157826
1003920045,635 EAST 9 STREET,C4,6.0,1900,184.03186324224362,156.42708375590706,31.285416751181415,38731.34593796259,106.11327654236327,115.1303336443476
1003910012,610 EAST 9 STREET,C1,6.0,1910,183.96376655361715,156.36920157057457,31.273840314114917,38717.01430887427,106.07401180513499,115.08773235594288
1003910003,131 AVENUE B,C6,6.0,1940,333.86384731220966,283.7842702153782,56.75685404307565,70264.98530532765,192.50680905569217,208.86522287851835
1003910011,608 EAST 9 STREET,C4,6.0,1910,172.87880252842731,146.9469821491632,29.389396429832644,36384.07278013281,99.68239117844605,108.15297886178412
1003920027,384 EAST 10 STREET,C4,6.0,1900,657.6778524962701,559.0261746218296,111.80523492436592,138414.88083636502,379.2188516064795,411.44326452166655
1003920048,627 EAST 9 STREET,C1,6.0,1900,620.6820976304707,527.5797829859001,105.51595659718004,130628.75426730889,357.8869979926271,388.2987202776225
1003920022,374 EAST 10 STREET,C4,6.0,1900,290.0033194290465,246.50282151468951,49.30056430293791,61034.09860703713,167.2167085124305,181.4260766348115
1003930047,377 EAST 10 STREET,C4,6.0,1900,153.36612487828407,130.36120614654146,26.072241229308293,32277.43464188367,88.43132778598266,95.94584772385451
1003930051,367 EAST 10 STREET,C6,6.0,1900,252.3733645850424,214.51735989728604,42.90347197945721,53114.49831056802,145.51917345361102,157.88477688440253
1003930023,632 EAST 11 STREET,C7,6.0,1900,292.7814672626656,248.86424717326577,49.77284943465315,61618.7876001006,168.81859616465917,183.1640859195236
1003930018,622 EAST 11 STREET,C1,6.0,1900,156.94714051693924,133.40506943939835,26.681013887879672,33031.09519319503,90.49615121423297,98.18613110739719
1003930016,620 EAST 11 STREET,C4,6.0,1900,163.45052440790352,138.932945746718,27.786589149343598,34399.797366887375,94.24602018325308,102.25464806958445
1004350027,126 ST MARKS PLACE,C7,6.0,1920,218.91740220672463,186.07979187571593,37.21595837514319,46073.356468427264,126.22837388610209,136.95472682052693
1004350025,122 ST MARKS PLACE,C7,6.0,1920,219.6567333166819,186.7082233191796,37.34164466383592,46228.95609382887,126.65467422966813,137.41725236291617
1004350019,110 ST MARKS PLACE,C7,6.0,1920,239.08494292117865,203.22220148300184,40.64444029660037,50317.81708719126,137.8570331155925,149.57154029148936
1004360042,109 ST MARKS PLACE,C7,6.0,1920,164.52119640129885,139.84301694110403,27.968603388220806,34625.13099461736,94.86337258799276,102.92446046865257
1004360009,406 EAST 9 STREET,C7,6.0,1929,179.66818218385825,152.7179548562795,30.543590971255902,37812.965622414806,103.59716608880768,112.40041477422172
1003940050,635 EAST 11 STREET,C4,6.0,1900,173.26730806581818,147.27721185594547,29.455442371189093,36465.8376555321,99.90640453570438,108.39602792597587
1003940052,633 EAST 11 STREET,C6,6.0,1937,179.13949418759358,152.26857005945453,30.45371401189091,37701.697946720946,103.29232314170122,112.06966756375856
1003940053,631 EAST 11 STREET,C4,6.0,1910,226.61084067795792,192.61921457626423,38.52384291525285,47692.51752908303,130.66443158652885,141.76774192813048
1004040021,534 EAST 11 STREET,C6,6.0,1920,253.05732339735616,215.09872488775272,43.019744977550545,53258.44428220757,145.9135459786509,158.312661517386
1004040018,528 EAST 11 STREET,C7,6.0,1900,365.0931032186971,310.3291377358925,62.06582754717851,76837.494503407,210.51368357097806,228.4022453736169
1003950001,195 AVENUE B,C7,6.0,1910,340.3506323832656,289.2980375257757,57.85960750515515,71630.19409138207,196.24710709967692,212.92335561897096
1003950003,199 AVENUE B,C7,6.0,1910,433.43055116636583,368.4159684914109,73.68319369828218,91219.79379847334,249.9172432834886,271.1541528096784
1004050046,533 EAST 11 STREET,C4,6.0,1920,173.70431217887744,147.6486653520458,29.529733070409165,36557.80954116655,100.15838230456589,108.66941769910574
1004370133,445 EAST 9 STREET,C7,6.0,1900,67.15397245853433,57.080876589754176,11.416175317950836,14133.225043623135,38.721164503077084,42.01152517005908
1004040016,522 EAST 11 STREET,C4,6.0,1900,217.99371602483964,185.29465862111368,37.05893172422274,45878.95747458775,125.69577390298014,136.37686874513966
1004040014,520 EAST 11 STREET,C7,6.0,1900,215.2276726339727,182.9435217388768,36.58870434777536,45296.8159825459,124.1008657056052,134.64643199981333
1004040013,518 EAST 11 STREET,C6,6.0,1900,156.5003009799566,133.0252558329631,26.60505116659262,32937.05334424166,90.23850231299086,97.90658829306085
1004040012,516 EAST 11 STREET,C7,6.0,1900,158.17645746504502,134.44998884528826,26.889997769057654,33289.817238093376,91.2049787345024,98.95519179013218
1004370021,280 EAST 10 STREET,C7,6.0,1900,300.18375862197735,255.15619482868073,51.03123896573615,63176.67383958135,173.08677764268865,187.79495939390904
1004380028,171 AVENUE A,C7,6.0,1900,164.98535657441312,140.23755308825113,28.04751061765023,34722.818144650984,95.13100861548214,103.21483907295283
1004380027,173 AVENUE A,C7,6.0,1920,221.5578609910408,188.32418184238466,37.664836368476934,46629.06742417444,127.75086965527244,138.6065978359951
1004380023,430 EAST 11 STREET,C7,6.0,1910,143.62126652254636,122.0780765441644,24.415615308832884,30226.53175233511,82.81241575982223,89.84946433650501
1004370006,158 1 AVENUE,C7,6.0,1920,112.19753009917592,95.36790058429953,19.073580116859908,23613.092184672565,64.69340324567825,70.19077483004446
1004370007,160 1 AVENUE,C7,6.0,1900,166.1615877711107,141.23734960544408,28.24746992108882,34970.36776230796,95.80922674604919,103.95068930960684
1004500028,348 EAST 9 STREET,C7,6.0,1900,157.295154216032,133.7008810836272,26.74017621672544,33104.3381563061,90.69681686659204,98.40384847754962
1004370005,156 1 AVENUE,C7,6.0,1900,163.8752035068721,139.2939229808413,27.858784596168263,34489.17533005631,94.49089131522275,102.5203273138992
1004510032,159 1 AVENUE,C7,6.0,1900,233.9870016722685,198.8889514214282,39.77779028428564,49244.904371945624,134.91754622450856,146.38226824617115
1004510044,335 EAST 9 STREET,C7,6.0,1900,133.84495721807394,113.76821363536286,22.753642727072574,28169.009696115845,77.17536903045438,83.73340523562706
1004510046,331 EAST 9 STREET,C7,6.0,1900,143.6268503867991,122.08282282877924,24.41656456575585,30227.70693240574,82.81563543124861,89.85295760198153
1004510045,333 EAST 9 STREET,CB,6.0,1900,205.52112294557818,174.69295450374145,34.93859090074829,43253.97553512638,118.50404256199009,128.57401451475369
1004510023,224 EAST 10 STREET,C7,6.0,1900,147.17356047325708,125.09752640226851,25.019505280453703,30974.147537201687,84.8606781841142,92.07177943206963
1004510021,220 EAST 10 STREET,C6,6.0,1900,150.47296561112103,127.90202076945288,25.580404153890576,31668.540342516535,86.7631242260727,94.13588728631731
1004510019,216 EAST 10 STREET,C7,6.0,1900,288.0755605606796,244.86422647657767,48.97284529531554,60628.382475600636,166.105157467399,180.22007068676118
1004510018,214 EAST 10 STREET,C7,6.0,1900,154.71664746969657,131.50915034924208,26.301830069848418,32561.665626472342,89.210042812253,96.79073465704218
1004520046,223 EAST 10 STREET,C7,6.0,1900,154.4346222941824,131.26942895005502,26.253885790011005,32502.310608033622,89.04742632337978,96.61429970724049
1003950003,199 AVENUE B,C7,6.0,1910,433.43055116636583,368.4159684914109,73.68319369828218,91219.79379847334,249.9172432834886,271.1541528096784
1004040004,170 AVENUE A,C7,6.0,1920,209.025023319458,177.67126982153928,35.53425396430786,43991.40640781313,120.52440111729624,130.7660545886529
1004060050,527 EAST 12 STREET,C6,6.0,1901,339.9846659212885,288.98696603309526,57.797393206619056,71553.1727897944,196.03608983505313,212.69440700035813
1004060050,527 EAST 12 STREET,C6,6.0,1901,339.9846659212885,288.98696603309526,57.797393206619056,71553.1727897944,196.03608983505313,212.69440700035813
1004060027,544 EAST 13 STREET,C6,6.0,1900,166.45173813839213,141.4839774176333,28.29679548352666,35031.432808606005,95.97652824275617,104.13220737937812
1004060021,530 EAST 13 STREET,C7,6.0,1900,321.6498053781682,273.40233457144296,54.680466914288594,67694.41803988928,185.4641590133953,201.22411824458203
1004070040,541 EAST 13 STREET,C4,6.0,1900,168.40820029909042,143.14697025422686,28.629394050845374,35443.18983494657,97.10462968478512,105.35617010711097
1004070032,224 AVENUE B,C7,6.0,1905,248.06467498363995,210.85497373609394,42.17099474721879,52207.69149705686,143.0347712248133,155.18926066976516
1004060011,510 EAST 13 STREET,C7,6.0,1900,245.7116478668016,208.85490068678135,41.770980137356275,51712.47341004707,141.6780093425947,153.7172069054711
1004060009,506 EAST 13 STREET,C7,6.0,1900,241.2765965887318,205.08510710042202,41.017021420084404,50779.072518064495,139.12074662483423,150.94263882591062
1004380050,255 EAST 10 STREET,C4,6.0,1900,162.31110799643113,137.96444179696647,27.592888359393296,34159.9957889289,93.58902955870931,101.54182916256732
1004050012,508 EAST 12 STREET,C7,6.0,1930,239.1678857474356,203.29270288532027,40.65854057706406,50335.27323440531,137.9048581764529,149.62342932359573
1004050010,504 EAST 12 STREET,C7,6.0,1930,239.5562260965377,203.62279218205703,40.72455843641141,50417.00334427732,138.1287762856913,149.86637504599398
1004060004,200 AVENUE A,C4,6.0,1910,199.87457412267858,169.8933880042768,33.97867760085536,42065.602869858936,115.24822704070941,125.04153357114772
1004400038,195 AVENUE A,C7,6.0,1910,383.8414092167284,326.2651978342191,65.25303956684382,80783.26298375266,221.32400817466484,240.13118560598528
1004400040,437 EAST 12 STREET,C7,6.0,1910,304.45414826378266,258.78602602421523,51.757205204843046,64075.42004359569,175.5490960098512,190.4665151538224
1004400033,205 AVENUE A,C7,6.0,1900,171.1578167120262,145.48414420522226,29.096828841044456,36021.874105213035,98.69006604167954,107.0763301350436
1004400030,444 EAST 13 STREET,C7,6.0,1900,159.3946008113002,135.48541068960517,27.097082137921035,33546.18768674624,91.90736352533217,99.71726226754942
1004400050,419 EAST 12 STREET,C4,6.0,1900,166.22492420452105,141.29118557384288,28.258237114768576,34983.697548083495,95.84574670707806,103.99031258234837
1004400051,417 EAST 12 STREET,C1,6.0,1920,163.95418886690317,139.36106053686768,27.87221210737354,34505.79858892844,94.5364344902149,102.56974055513462
1004400052,415 EAST 12 STREET,C6,6.0,1900,151.16694840651056,128.49190614553396,25.698381229106793,31814.59596163421,87.16327660721701,94.570042923113
1004400053,413 EAST 12 STREET,C7,6.0,1920,152.04950743748492,129.24208132186217,25.848416264372435,32000.339335293076,87.67216256244679,95.12217185289056
1004400021,424 EAST 13 STREET,C4,6.0,1900,245.65076612766697,208.8031512085169,41.76063024170338,51699.66023922879,141.64290476501037,153.67911928946845
1004400019,420 EAST 13 STREET,C4,6.0,1900,241.81226731371436,205.5404272166572,41.10808544333145,50891.809778844334,139.42961583245022,151.27775443145973
1004400018,416 EAST 13 STREET,C4,6.0,1900,237.38251625973274,201.7751388207728,40.35502776415456,49959.52437202335,136.87540923842013,148.5065021720888
1004400014,410 EAST 13 STREET,C4,6.0,1900,258.6587119385928,219.85990514780386,43.97198102956077,54437.31251459624,149.14332195779792,161.81689018878365
1004400008,214 1 AVENUE,C7,6.0,1910,276.7601447396626,235.2461230287132,47.049224605742644,58246.940061909394,159.58065770386136,173.14114654913294
1004520047,221 EAST 10 STREET,C7,6.0,1900,157.1214186124924,133.55320582061853,26.710641164123707,33067.77376118515,90.59664044160314,98.29515948397524
1004520048,219 EAST 10 STREET,C7,6.0,1900,154.96141728063742,131.7172046885418,26.343440937708365,32613.179880882955,89.35117775584371,96.94386265076679
1004520050,215 EAST 10 STREET,C7,6.0,1900,160.16367359476135,136.13912255554715,27.227824511109432,33708.046744753476,92.35081299932459,100.19839420088272
1004520052,211 EAST 10 STREET,C1,6.0,1900,168.04383932706008,142.83726342800108,28.567452685600216,35366.50642477307,96.8945381500632,105.12822588300878
1004520017,318 EAST 11 STREET,C7,6.0,1900,144.49694216172932,122.82240083746991,24.564480167493983,30410.82644735755,83.31733273248643,90.39728701637785
1004540047,345 EAST 12 STREET,C7,6.0,1920,320.37354503673896,272.3175132812281,54.46350265624562,67425.81628843208,184.7282638039235,200.42568977498388
1004540050,339 EAST 12 STREET,C1,6.0,1900,322.3650018697407,274.01025158927956,54.802050317855915,67844.93829350562,185.87654326987843,201.67154516970976
1004510014,206 EAST 10 STREET,C4,6.0,1900,164.40284432381557,139.74241767524325,27.948483535048652,34600.22261639023,94.79513045586364,102.85041940897905
1004520021,326 EAST 11 STREET,C4,6.0,1900,159.4682465689635,135.54800958361898,27.109601916723797,33561.68717290406,91.94982787097003,99.76333505354357
1004520019,322 EAST 11 STREET,C6,6.0,1900,149.54396248486708,127.11236811213702,25.422473622427404,31473.022344565125,86.22745847826062,93.55470293053284
1004540059,323 EAST 12 STREET,C4,6.0,1900,268.5993980869991,228.30948837394922,45.66189767478985,56529.429321389835,154.87514882572557,168.03578344322665
1004540056,329 EAST 12 STREET,C1,6.0,1900,185.22008710254627,157.43707403716434,31.48741480743287,38981.419531601896,106.79840967562163,115.87368649135297
1004540057,327 EAST 12 STREET,C7,6.0,1900,180.25546303433305,153.21714357918307,30.643428715836617,37936.56475020573,103.9357938361801,112.76781767427875
1004540032,346 EAST 13 STREET,C1,6.0,1920,258.04852152735157,219.34124329824883,43.868248659649765,54308.89184064641,148.79148449492166,161.43515506751112
1004540024,334 EAST 13 STREET,C7,6.0,1900,291.32315415373506,247.6246810306748,49.52493620613496,61311.87102319508,167.97772883067145,182.25176523857667
1004530008,188 2 AVENUE,C7,6.0,1920,329.853116344424,280.37514889276036,56.07502977855208,69420.88686584747,190.19421059136292,206.35610958507164
1004540060,321 EAST 12 STREET,C6,6.0,1920,320.55296475315595,272.47002004018253,54.49400400803651,67463.5769619492,184.83171770397044,200.53793474957436
1004540063,315 EAST 12 STREET,C6,6.0,1900,310.39821920757436,263.8384863264382,52.767697265287644,65326.4092144261,178.9764636011674,194.18512593625852
1004540004,198 2 AVENUE,C7,6.0,1920,357.31658697831654,303.719098931569,60.74381978631381,75200.8488954565,206.0297230012507,223.53725681363483
1004680027,236 EAST 13 STREET,C7,6.0,1900,793.5637005636036,674.529145479063,134.9058290958126,167013.416420616,457.57100389209864,496.4534510725904
1004640046,27 ST MARKS PLACE,C7,6.0,1900,193.30157835702468,164.30634160347097,32.861268320694194,40682.250181019415,111.4582196740258,120.92946742015464
1004640051,17 ST MARKS PLACE,C7,6.0,1900,194.6976775359728,165.49302590557687,33.098605181115374,40976.073214220836,112.26321428553653,121.80286706650458
1004650057,233 EAST 9 STREET,C1,6.0,1900,175.71364865198274,149.35660135418533,29.871320270837067,36980.69449529629,101.31697121998982,109.92645859668039
1004650050,151 2 AVENUE,C7,6.0,1900,328.9924072979933,279.6435462032943,55.92870924065886,69239.74203993566,189.697923397084,205.8176500056246
1004660021,224 EAST 11 STREET,C6,6.0,1910,240.87906355773472,204.7472040240745,40.949440804814905,50695.40771636085,138.89152799002974,150.69394216171884
1004660018,218 EAST 11 STREET,C1,6.0,1920,241.20165106705593,205.02140340699754,41.00428068139951,50763.29948357259,139.07753283170572,150.8957529075502
1004670047,229 EAST 11 STREET,C7,6.0,1900,161.9041654045244,137.61854059384575,27.52370811876915,34074.350651036206,93.35438534530468,101.28724587707046
1004680045,233 EAST 12 STREET,C5,6.0,1930,161.12950984761673,136.96008337047422,27.392016674094847,33911.31664252942,92.90771682884773,100.80262136066904
1004610009,202 EAST 6 STREET,C7,6.0,1930,203.80536604329404,173.23456113679993,34.646912227359984,42892.87733747166,117.51473243142921,127.50063699668475
1005560015,85 EAST 10 STREET,C4,6.0,1900,739.4830583302833,628.5605995807407,125.71211991614814,155631.6044561914,426.38795741422297,462.62060129142515
1005560052,126 EAST 12 STREET,C6,6.0,1900,375.02184180387997,318.768565533298,63.7537131066596,78927.0968260446,216.23862144121807,234.61366423250735
1005580048,111 EAST 12 STREET,C7,6.0,1900,171.65518962763502,145.90691118348977,29.181382236697957,36126.55120903207,98.97685262748513,107.38748663104849
1004680027,236 EAST 13 STREET,C7,6.0,1900,793.5637005636036,674.529145479063,134.9058290958126,167013.416420616,457.57100389209864,496.4534510725904
1004680027,236 EAST 13 STREET,C7,6.0,1900,793.5637005636036,674.529145479063,134.9058290958126,167013.416420616,457.57100389209864,496.4534510725904
1004680024,228 EAST 13 STREET,C6,6.0,1900,193.9446670451952,164.85296698841591,32.97059339768318,40817.59462633178,111.82902637351174,121.3317837034741
1004680023,226 EAST 13 STREET,C4,6.0,1930,202.95316533340215,172.51019053339184,34.50203810667837,42713.52317606782,117.0233511673091,126.9675002325764
1004680021,224 EAST 13 STREET,C7,6.0,1920,193.53716550543734,164.50659067962172,32.90131813592435,40731.83185227434,111.59405986924477,121.0768507402016
1004690046,235 EAST 13 STREET,C4,6.0,1920,221.07482554403617,187.91360171243073,37.58272034248615,46527.40778399785,127.4723500931448,138.304410860349
1004690047,231 EAST 13 STREET,C4,6.0,1920,283.80000465193484,241.23000395414462,48.24600079082893,59728.548979046216,163.63986021656498,177.54528291025045
1004690014,212 EAST 14 STREET,CB,6.0,1920,151.91949329442727,129.13156930026318,25.826313860052636,31972.976558745162,87.5971960513566,95.04083500499371
1005590043,139 EAST 13 STREET,C4,6.0,1900,152.1106249965016,129.29403124702637,25.858806249405276,32013.20213676373,87.70740311442118,95.16040699781142
1004400003,202 1 AVENUE,C7,6.0,1905,246.115009461359,209.19775804215513,41.83955160843103,51797.364891237616,141.91058874311676,153.9695499190262
1004400007,210 1 AVENUE,C7,6.0,1912,200.85414091488025,170.72601977764822,34.145203955529645,42271.7624969457,115.81304793683755,125.6543505563491
1004400024,432 EAST 13 STREET,C7,6.0,1900,299.13132139569063,254.26162318633703,50.85232463726741,62955.17790093705,172.47993945462207,187.13655466514408
1004410035,211 AVENUE A,C7,6.0,1900,339.67886372926614,288.7270341698762,57.745406833975245,71488.81366046135,195.85976345331878,212.5030971490289
1004410031,221 AVENUE A,C7,6.0,1900,163.35960283206435,138.8556624072547,27.77113248145094,34380.662012036264,94.19359455352401,102.19776753173946
1004550042,219 1 AVENUE,C7,6.0,1910,115.15859185683793,97.88480307831223,19.576960615662447,24236.27724219011,66.40075956764414,72.0432150656378
1004550050,329 EAST 13 STREET,C1,6.0,1910,285.09651198904874,242.3320351906914,48.466407038138286,60001.4119132152,164.3874298992197,178.3563779003489
1004550021,328 EAST 14 STREET,C7,6.0,1900,267.11583689766223,227.0484613630129,45.409692272602584,56217.199033482,154.01972337940273,167.10766756317753
1004070031,228 AVENUE B,C7,6.0,1900,183.30923375530344,155.81284869200792,31.162569738401587,38579.261336141164,105.69660640038676,114.67825663731783
1004070029,232 AVENUE B,C7,6.0,1900,294.15346109431783,250.03044193017016,50.00608838603404,61907.537421910136,169.60969156687707,184.02240526060527
1004070027,538 EAST 14 STREET,C7,6.0,1920,171.59741903833853,145.85780618258775,29.17156123651755,36114.39281080873,98.94354194742117,107.35134535038458
1004070054,513 EAST 13 STREET,C7,6.0,1900,233.28360385010137,198.29106327258617,39.658212654517236,49096.867266292335,134.5119651131297,145.94222256862344
1004070018,520 EAST 14 STREET,C7,6.0,1900,329.8820073335858,280.39970623354793,56.07994124670959,69426.96726342647,190.21086921486705,206.37418378789127
1004690040,245 EAST 13 STREET,C7,6.0,1920,256.29616657534666,217.85174158904465,43.570348317808936,53940.091217447465,147.7810718286232,160.33888180953687
1004690042,243 EAST 13 STREET,C7,6.0,1920,206.22643285470994,175.29246792650343,35.05849358530069,43402.41505860225,118.91072618795137,129.01525639390653
1004690043,241 EAST 13 STREET,C1,6.0,1900,159.34152414676228,135.44029552474794,27.08805910494959,33535.01717192759,91.87675937514408,99.68405750621449
1004690044,239 EAST 13 STREET,C4,6.0,1920,224.98920867534315,191.2408273740417,38.24816547480834,47351.228857812726,129.72939413099377,140.75324894729468
1004690027,238 EAST 14 STREET,C7,6.0,1920,300.29297613358483,255.2490297135471,51.04980594270942,63199.65975707426,173.14975275910757,187.86328586917068
1004690023,230 EAST 14 STREET,C7,6.0,1920,296.89758287337037,252.3629454423648,50.472589088472965,62485.06529152953,171.19195970282064,185.7391278455805
1004690021,226 EAST 14 STREET,C7,6.0,1920,296.77353552313485,252.25750519466462,50.451501038932925,62458.95828619896,171.12043366081906,185.66152382327317
