bbl,address,bldgclass,numfloors,yearbuilt,roof_area_m2,canopy_area_m2,pv_kw_dc,annual_kwh,avg_daily_kwh,psh_daily_kwh
1002830072,162 EAST BROADWAY,C7,6.0,1900,102.96955901945061,87.52412516653303,17.504825033306606,21670.97339123358,59.37252983899611,64.4177561225683
1002820054,94 EAST BROADWAY,C7,6.0,1900,131.9613384491672,112.1671376817921,22.433427536358423,27772.583290011728,76.08926928770336,82.555013333799
1002930028,88 DIVISION STREET,C7,6.0,1900,152.13892989073327,129.31809040712326,25.863618081424654,32019.15918480372,87.7237237939828,95.17811453964272
1002920029,5 ELDRIDGE STREET,C7,6.0,1900,175.64839381775582,149.30113474509244,29.86022694901849,36966.96096288489,101.27934510379423,109.88563517238805
1002920028,7 ELDRIDGE STREET,C7,6.0,1900,127.76536560371987,108.6005607631619,21.72011215263238,26889.49884495889,73.66985984920244,79.93001272168716
1002920027,9 ELDRIDGE STREET,C7,6.0,1910,124.16220696012321,105.53787591610472,21.107575183220945,26131.17807682753,71.59226870363707,77.67587667425308
1002920026,11 ELDRIDGE STREET,C7,6.0,1900,184.37391329185047,156.7178262980729,31.343565259614582,38803.33379140285,106.31050353809,115.34432015538167
1002920025,13 ELDRIDGE STREET,C7,6.0,1900,222.9447380627576,189.50302735334395,37.90060547066879,46920.94957268797,128.55054677448757,139.47422813206114
1002930020,3 ALLEN STREET,C7,6.0,1910,157.07621357716428,133.51478154058964,26.70295630811793,33058.25990945,90.57057509438356,98.26687921387398
1002930015,70 CANAL STREET,C7,6.0,1910,167.31129622068687,142.21460178758383,28.44292035751677,35212.33540260576,96.47215178796098,104.6699469156617
1002940022,50 CANAL STREET,C7,6.0,1900,172.96744632006565,147.0223293720558,29.40446587441116,36402.72875252101,99.73350343156442,108.20843441783308
1002990030,19 ORCHARD STREET,C1,6.0,1900,179.1228835067852,152.25445098076742,30.450890196153484,37698.20206283801,103.28274537763839,112.0592759218448
1002970022,13 ESSEX STREET,C7,6.0,1900,313.8446105953891,266.7679190060807,53.353583801216146,66051.73674590558,180.96366231754953,196.34118838847542
1002970022,13 ESSEX STREET,C7,6.0,1900,313.8446105953891,266.7679190060807,53.353583801216146,66051.73674590558,180.96366231754953,196.34118838847542
1002990027,25 ORCHARD STREET,C8,6.0,1900,209.83615345489275,178.36073043665883,35.67214608733177,44162.11685611673,120.99210097566227,131.2734976013809
1002990022,35 ORCHARD STREET,C7,6.0,1910,208.8263812029737,177.50242402252763,35.500484804505525,43949.60018797784,120.40986352870641,130.64178408058032
1002980018,56 HESTER STREET,C7,6.0,1930,296.0412719652276,251.63508117044347,50.327016234088696,62304.846097801805,170.69820848712823,185.2034197414464
1002980018,56 HESTER STREET,C7,6.0,1930,296.0412719652276,251.63508117044347,50.327016234088696,62304.846097801805,170.69820848712823,185.2034197414464
1002980015,58 HESTER STREET,C7,6.0,1900,341.8841754390728,290.6015491232119,58.12030982464238,71952.94356290727,197.1313522271432,213.88274015468397
1003100032,27 ESSEX STREET,C7,6.0,1910,98.02299429798677,83.31954515328876,16.663909030657752,20629.919379954295,56.52032706836793,61.32318523282053
1003100024,43 ESSEX STREET,C7,6.0,1910,201.33109482204878,171.13143059874147,34.226286119748295,42372.14221624839,116.08806086643393,125.95273292067372
1004090026,246 BROOME STREET,C7,6.0,1900,189.9779801031386,161.4812830876678,32.296256617533565,39982.76569250655,109.54182381508645,118.85022435252353
1004090027,248 BROOME STREET,C7,6.0,1920,171.5996108041446,145.8596691835229,29.171933836704582,36114.85408984027,98.94480572558979,107.35271651907286
1003530049,102 NORFOLK STREET,C7,6.0,1910,280.29488088537323,238.25064875256723,47.65012975051345,58990.86063113565,161.6187962496867,175.3524774818895
1003530051,106 NORFOLK STREET,C7,6.0,1910,231.13250358089866,196.46262804376386,39.292525608752776,48644.14670363594,133.27163480448203,144.5964942402102
1004090043,101 DELANCEY STREET,C7,6.0,1920,274.2169635204761,233.08441899240466,46.616883798480934,57711.702142519396,158.11425244525861,171.55013237840984
1003530020,121 RIVINGTON STREET,C7,6.0,1920,303.296194562328,257.8017653779788,51.56035307559577,63831.71710758757,174.88141673311662,189.74209931819243
1003000004,42 ELDRIDGE STREET,C7,6.0,1930,150.87032321302382,128.23977473107024,25.64795494621405,31752.168223412995,86.99224170798081,94.3844742020677
1003000005,44 ELDRIDGE STREET,C7,6.0,1930,148.2204211138512,125.9873579467735,25.197471589354702,31194.46982762112,85.46430089759211,92.7266954488253
1003000006,46 ELDRIDGE STREET,C7,6.0,1930,146.0661141421633,124.15619702083879,24.83123940416776,30741.07438235969,84.222121595506,91.37896100733735
1003000007,48 ELDRIDGE STREET,C7,6.0,1910,181.0648877427097,153.90515458130324,30.781030916260647,38106.91627433068,104.402510340632,113.27419377183918
1003060001,119 HESTER STREET,C7,6.0,1910,239.7615727126137,203.79733680572164,40.75946736114433,50460.22059309668,138.24717970711419,149.99483988901113
1003060035,107 HESTER STREET,C7,6.0,1913,157.87536555868374,134.19406072488118,26.838812144976238,33226.44943548058,91.03136831638516,98.76682869351255
1003060032,73 ELDRIDGE STREET,C7,6.0,1920,182.83912936118622,155.41325995700828,31.082651991401658,38480.32316535525,105.4255429187815,114.38415932835811
1003060031,75 ELDRIDGE STREET,C7,6.0,1910,132.44242741785752,112.57606330517889,22.51521266103578,27873.833274362296,76.36666650510217,82.85598259261167
1003060007,74 FORSYTH STREET,C7,6.0,1900,178.69992516019184,151.89493638616307,30.378987277232614,37609.18624921398,103.03886643620268,111.79467318021601
1003060028,81 ELDRIDGE STREET,C7,6.0,1910,161.05368921346377,136.8956358314442,27.37912716628884,33895.35943186558,92.86399844346735,100.75518797194292
1003060009,78 FORSYTH STREET,C7,6.0,1900,175.0673444416963,148.80724277544184,29.761448555088368,36844.673311199396,100.94431044164219,109.5221306827252
1003060023,289 GRAND STREET,C7,6.0,1900,198.36999935062005,168.61449944802703,33.72289988960541,41748.9500633315,114.3806851050178,124.1002715937479
1003100040,61 HESTER STREET,C7,6.0,1915,279.84122548200634,237.86504165970538,47.57300833194108,58895.38431494306,161.35721730121386,175.06867066154317
1003100029,33 ESSEX STREET,C7,6.0,1900,177.2044111962129,150.62374951678098,30.124749903356197,37294.44038035497,102.17654898727389,110.8590796443508
1003100026,39 ESSEX STREET,C7,6.0,1900,162.33650845067277,137.98603218307184,27.59720643661437,34165.341568528595,93.60367553021533,101.55771968674088
1003100007,48 LUDLOW STREET,C7,6.0,1900,258.2740231503766,219.5329196778201,43.90658393556402,54356.35091222826,148.9215093485706,161.5762288828756
1003090025,45 LUDLOW STREET,C7,6.0,1910,144.9372522231181,123.19666438965038,24.639332877930077,30503.494102877434,83.57121672021215,90.67274499078269
1003080024,47 ORCHARD STREET,C7,6.0,1910,163.67710802674682,139.1255418227348,27.82510836454696,34447.48415530914,94.37666891865517,102.39639878153281
1003090024,47 LUDLOW STREET,C7,6.0,1900,150.6588089118551,128.05998757507683,25.611997515015368,31707.652923589027,86.87028198243569,94.25215085525656
1003090008,58 ORCHARD STREET,C7,6.0,1910,170.4469837051001,144.8799361493351,28.97598722986702,35872.27219057537,98.28019778239828,106.63163300591064
1004080020,67 LUDLOW STREET,C4,6.0,1900,159.93830999989868,135.94756349991388,27.189512699982778,33660.61672257868,92.22086773309226,100.05740673593662
1004130049,75 ORCHARD STREET,C7,6.0,1910,273.1097972065126,232.1433276255357,46.42866552510714,57478.687920082644,157.47585731529492,170.85748913239428
1004130045,81 ORCHARD STREET,C7,6.0,1910,271.3070454901624,230.61098866663804,46.12219773332761,57099.28079385958,156.43638573660158,169.72968765864562
1004130014,277 BROOME STREET,C7,6.0,1900,311.08210540788775,264.41978959670456,52.883957919340915,65470.33990414405,179.3707942579289,194.61296514317456
1004080014,245 BROOME STREET,C7,6.0,1900,154.27987850395064,131.13789672835804,26.22757934567161,32469.743229941454,88.95820062997659,96.51749199207153
1004090029,250 BROOME STREET,C7,6.0,1890,177.1950151588358,150.6157628850104,30.123152577002084,37292.46289032858,102.17113120637967,110.85320148336767
1004090031,252 BROOME STREET,C7,6.0,1890,176.20076733972604,149.77065223876713,29.95413044775343,37083.21349431874,101.59784518991435,110.23120004773261
1004090033,254 BROOME STREET,C7,6.0,1900,174.0553460754568,147.94704416413828,29.589408832827658,36631.68813504064,100.36078941107024,108.88902450480577
1004130002,108 ELDRIDGE STREET,C7,6.0,1900,235.31197329441676,200.01517730025424,40.00303546005085,49523.75789954296,135.68152849189852,147.21117049298712
1004130004,112 ELDRIDGE STREET,C7,6.0,1909,199.16746249925492,169.29234312436668,33.85846862487334,41916.784157593196,114.84050454135122,124.59916453953389
1004180047,109 ELDRIDGE STREET,C7,6.0,1900,171.05216609814872,145.3943411834264,29.07886823668528,35999.638877016376,98.62914760826405,107.01023511100182
1004090034,256 BROOME STREET,C7,6.0,1920,222.67638702739987,189.2749289732899,37.85498579465798,46864.47241378658,128.395814832292,139.30634772434135
1004140059,260 BROOME STREET,C7,6.0,1900,212.54318273929175,180.66170532839797,36.1323410656796,44731.83823931134,122.55298147756533,132.9670151217009
1004140059,260 BROOME STREET,C7,6.0,1900,212.54318273929175,180.66170532839797,36.1323410656796,44731.83823931134,122.55298147756533,132.9670151217009
1004130012,281 BROOME STREET,C7,6.0,1900,240.36237959999082,204.3080226599922,40.86160453199844,50586.66641061407,138.5936066044221,150.37070467775425
1004140028,284 BROOME STREET,C7,6.0,1900,247.80549952245156,210.6346745940838,42.126934918816765,52153.145429495155,142.88532994382234,155.0271205012457
1004140031,288 BROOME STREET,C7,6.0,1900,202.7717622013477,172.35599787114555,34.47119957422911,42675.34507289564,116.9187536243716,126.85401443316312
1004140032,128 ELDRIDGE STREET,C6,6.0,1900,181.75712120379836,154.4935530232286,30.89871060464572,38252.6037285514,104.80165405082576,113.70725502509625
1004190040,110 FORSYTH STREET,C6,6.0,1900,422.1712295967038,358.8455451571982,71.76910903143964,88850.15698092227,243.42508761896514,264.1103212356979
1004140003,138 ELDRIDGE STREET,C7,6.0,1900,164.4668229186373,139.79679948084168,27.959359896168337,34613.6875514564,94.83202068892165,102.89044441789947
1004140018,61 DELANCEY STREET,C7,6.0,1900,195.15654508295356,165.88306332051053,33.17661266410211,41072.64647815841,112.52779857029701,122.08993460389576
1004140005,55 DELANCEY STREET,C7,6.0,1900,335.3141438736065,285.0170222925655,57.0034044585131,70570.21471963922,193.34305402640882,209.77252840732822
1004150078,80 DELANCEY STREET,C7,6.0,1920,429.4654383214633,365.0456225732438,73.00912451464876,90385.29614913516,247.63094835379496,268.67357821390743
1004190066,135 ELDRIDGE STREET,C7,6.0,1900,308.75038885189053,262.43783052410697,52.4875661048214,64979.606837768886,178.0263201034764,193.15424326574274
1004190065,139 ELDRIDGE STREET,C7,6.0,1900,169.59224643529254,144.15340946999865,28.83068189399973,35692.38418477167,97.78735393088128,106.09690936991902
1004190063,47 DELANCEY STREET,C7,6.0,1920,391.9443308997439,333.1526812647823,66.63053625295646,82488.6038811601,225.996175016877,245.2003734108798
1004150035,123 ALLEN STREET,C7,6.0,1900,199.34648152734746,169.44450929824535,33.888901859649074,41954.46050224555,114.94372740341247,124.7111588435086
1004150033,125 ALLEN STREET,C7,6.0,1900,156.74918664875676,133.23680865144325,26.64736173028865,32989.43382209735,90.3820104714996,98.06229116746223
1004100011,85 RIVINGTON STREET,C7,6.0,1920,216.86849427012586,184.33822012960698,36.8676440259214,45642.14330409069,125.04696795641286,135.67293001539073
1004150072,127 ORCHARD STREET,C7,6.0,1920,313.2746560430167,266.2834576365642,53.256691527312846,65931.7841108133,180.63502496113233,195.98462482051127
1004150032,127 ALLEN STREET,C7,6.0,1910,158.89433033605758,135.06018078564892,27.012036157129785,33440.900762526675,91.61890619870321,99.40429305823761
1004150025,139 ALLEN STREET,C7,6.0,1910,203.79870664690387,173.22890064986828,34.64578012997366,42891.47580090739,117.51089260522573,127.49647087830306
1004230025,111 CHRYSTIE STREET,C7,6.0,1900,174.73018936882468,148.52066096350097,29.704132192700197,36773.715654562846,100.7499059029119,109.31120646913672
1004180046,111 ELDRIDGE STREET,C7,6.0,1900,172.47361333002303,146.60257133051957,29.320514266103913,36298.796661436645,99.44875797653876,107.89949249926241
1004130010,285 BROOME STREET,C7,6.0,1900,237.32736106714944,201.72825690707703,40.34565138141541,49947.91641019227,136.8436066032665,148.4719970836087
1004130008,289 BROOME STREET,C7,6.0,1909,280.1347596820544,238.11454572974623,47.62290914594925,58957.16152268517,161.52646992516486,175.25230565709325
1004180044,291 BROOME STREET,C7,6.0,1900,151.12204051581563,128.4537344384433,25.69074688768866,31805.14464695856,87.13738259440701,94.54194854669427
1004180037,305 BROOME STREET,C7,6.0,1900,270.5623725700777,229.97801668456603,45.995603336913206,56942.55693109855,156.00700529068095,169.26382027984062
1004230017,327 BROOME STREET,C2,6.0,2024,172.73927090929374,146.82838027289966,29.365676054579936,36354.70695556996,99.60193686457524,108.06568788085416
1004240040,334 BROOME STREET,C7,6.0,1900,222.72846438914442,189.31919473077275,37.86383894615455,46875.432615339334,128.4258427817516,139.33892732184876
1004240029,135 CHRYSTIE STREET,C7,6.0,1910,320.13337639447525,272.113369935304,54.4226739870608,67375.27039598126,184.58978190679798,200.27544027238372
1004240029,135 CHRYSTIE STREET,C7,6.0,1910,320.13337639447525,272.113369935304,54.4226739870608,67375.27039598126,184.58978190679798,200.27544027238372
1004240026,9 DELANCEY STREET,C7,6.0,1900,147.00988353268247,124.95840100278009,24.99168020055602,30939.70008828835,84.7663016117489,91.96938313804615
1004250041,10 DELANCEY STREET,C7,6.0,1900,199.784500553275,169.81682547028373,33.96336509405675,42046.64598644225,115.19629037381438,124.98518354612882
1004250041,10 DELANCEY STREET,C7,6.0,1900,199.784500553275,169.81682547028373,33.96336509405675,42046.64598644225,115.19629037381438,124.98518354612882
1004780012,164 ELIZABETH STREET,C7,6.0,1900,234.9980979616623,199.74838326741295,39.94967665348259,49457.69969701145,135.50054711509986,147.01481008481593
1004780013,166 ELIZABETH STREET,C7,6.0,1908,170.7638892535051,145.14930586547933,29.029861173095867,35938.968132292684,98.46292638984298,106.82988911699279
1004780014,168 ELIZABETH STREET,C7,6.0,1900,116.71273755310416,99.20582692013853,19.841165384027708,24563.3627454263,67.29688423404465,73.01548861322196
1004100037,110 LUDLOW STREET,C7,6.0,1900,160.96757823019115,136.82244149566247,27.364488299132496,33877.23651432603,92.81434661459187,100.70131694080759
1004100043,122 LUDLOW STREET,C7,6.0,1920,154.35579570114032,131.20242634596926,26.240485269193854,32485.72076326199,89.00197469386846,96.56498579063339
1004100044,124 LUDLOW STREET,C7,6.0,1900,152.80609074090663,129.88517712977063,25.977035425954128,32159.56985733121,88.10841056803072,95.59549036751119
1004100018,123 LUDLOW STREET,C7,6.0,1900,234.48950207118418,199.31607676050655,39.863215352101314,49350.66060590142,135.20728933123678,146.6966324957328
1004100046,101 RIVINGTON STREET,C7,6.0,1910,289.6439722328335,246.19737639790847,49.2394752795817,60958.47039612214,167.0095079345812,181.20126902886065
1004100025,109 LUDLOW STREET,C7,6.0,1920,238.59433386977133,202.80518378930563,40.56103675786113,50214.56350623208,137.57414659241667,149.26461526892896
1004100002,122 ORCHARD STREET,C7,6.0,1910,195.6674485290794,166.31733124971748,33.2634662499435,41180.17121743005,112.82238689706863,122.40955579979207
1004100022,117 LUDLOW STREET,C7,6.0,1900,130.69680187226695,111.0922815914269,22.21845631828538,27506.4489220373,75.3601340329789,81.76391925129019
1004110075,100 RIVINGTON STREET,C7,6.0,1900,316.1236518932044,268.7051041092237,53.74102082184475,66531.3837774438,182.27776377381863,197.76695662438868
1004110034,94 RIVINGTON STREET,C7,6.0,1920,250.42258252241112,212.85919514404944,42.57183902880989,52703.93671766664,144.39434717168942,156.6643676260204
1003540034,126 RIVINGTON STREET,C7,6.0,1900,144.95916583215586,123.21529095733248,24.643058191466498,30508.106041035524,83.58385216722061,90.68645414459671
1004110039,86 RIVINGTON STREET,C7,6.0,1920,167.71563403381631,142.55828892874388,28.511657785748778,35297.43233875699,96.70529407878627,104.9229006515555
1004160069,78 RIVINGTON STREET,C7,6.0,1920,253.184455361284,215.2067870570914,43.04135741141828,53285.200475335834,145.98685061735844,158.3921952740193
1004160068,145 ORCHARD STREET,C7,6.0,1900,181.4238470785299,154.2102700167504,30.842054003350082,38182.4628561474,104.60948727711617,113.4987587323283
1004160067,147 ORCHARD STREET,C7,6.0,1900,176.86893312598622,150.33859315708827,30.067718631417655,37223.83566569506,101.98311141286317,110.64920456361698
1004160066,149 ORCHARD STREET,C7,6.0,1900,185.41007937351188,157.59856746748508,31.51971349349702,39021.40530494931,106.90795973958714,115.99254565606903
1004160065,151 ORCHARD STREET,C7,6.0,1900,168.7561788847366,143.44275205202612,28.688550410405227,35516.42540808167,97.30527509063471,105.57386551029124
1004110042,138 LUDLOW STREET,C7,6.0,1920,280.9656398063455,238.8207938353937,47.76415876707874,59132.02855364348,162.005557681215,175.77210426284978
1004110027,143 LUDLOW STREET,C7,6.0,1920,193.1288691489593,164.1595387766154,32.83190775532308,40645.901801089974,111.35863507147938,120.82142053958893
1004110003,150 ORCHARD STREET,C7,6.0,1920,211.44816808861285,179.73094287532092,35.946188575064184,44501.38145592946,121.92159302994374,132.28197395623621
1004110005,154 ORCHARD STREET,C7,6.0,1920,182.21232170311848,154.8804734476507,30.976094689530143,38348.405225638315,105.0641239058584,113.99202845747094
1004110005,154 ORCHARD STREET,C7,6.0,1920,182.21232170311848,154.8804734476507,30.976094689530143,38348.405225638315,105.0641239058584,113.99202845747094
1004110021,153 LUDLOW STREET,C7,6.0,1900,153.50459613367636,130.4789067136249,26.09578134272498,32306.577302293525,88.51117069121514,96.03247534122792
1004250026,17 RIVINGTON STREET,C7,6.0,1900,206.6186523332022,175.62585448322187,35.12517089664438,43484.961570045736,119.13688101382394,129.26062889965132
1004260044,8 RIVINGTON STREET,C7,6.0,1920,223.4610899421813,189.9419264508541,37.988385290170825,47029.62098923148,128.84827668282597,139.79725786782862
1004260002,217 BOWERY,C7,6.0,1900,211.94470593614946,180.15300004572703,36.03060000914541,44605.882811322015,122.207898113211,132.5926080336551
1004920007,202 ELIZABETH STREET,C7,6.0,1900,224.53664753034047,190.8561504007894,38.17123008015788,47255.98283923546,129.46844613489168,140.470126694981
1004930009,228 MOTT STREET,C4,6.0,1900,156.3616883018453,132.90743505656852,26.581487011313705,32907.88092000637,90.15857786303116,97.81987220163444
1004930010,230 MOTT STREET,C7,6.0,1900,147.38591838155014,125.27803062431762,25.055606124863527,31018.840382581046,84.98312433583848,92.20463053949777
1004930012,234 MOTT STREET,C4,6.0,1900,146.71843268502465,124.71066778227095,24.94213355645419,30878.36134289029,84.59825025449395,91.78705148775143
1004930017,20 PRINCE STREET,C7,6.0,1900,381.328200205476,324.12897017465457,64.82579403493092,80254.33301524448,219.87488497327254,238.55892204854578
1005070001,13 PRINCE STREET,C7,6.0,1910,228.29440596303965,194.0502450685837,38.81004901371674,48046.84067898133,131.6351799424146,142.8209803704776
1004260022,13 STANTON STREET,C7,6.0,1920,116.26519431247719,98.8254151656056,19.765083033121122,24469.17279500395,67.03882957535329,72.73550556188573
1004930013,30 PRINCE STREET,C7,6.0,1900,232.13443260359668,197.31426771305718,39.46285354261144,48855.01268575296,133.8493498239807,145.22330103681008
1005080046,17 PRINCE STREET,C7,6.0,1914,125.0882608622246,106.3250217328909,21.26500434657818,26326.075381063787,72.1262339207227,78.2552159954077
1002920010,28 FORSYTH STREET,C7,6.0,1900,213.29494105700653,181.30069989845555,36.26013997969111,44890.05329485759,122.98644738317148,133.4373151252633
1003030020,122 HESTER STREET,C7,6.0,1910,196.6319649376729,167.13717019702196,33.427434039404396,41383.163340782645,113.37852970077437,123.01295726500817
1003040035,75 CHRYSTIE STREET,C7,6.0,1910,418.73389477852163,355.9238105617434,71.18476211234868,88126.73549508766,241.44311094544565,261.9599245734432
1003040031,83 CHRYSTIE STREET,C7,6.0,1910,298.4901329327717,253.71661299285594,50.74332259857119,62820.23337703113,172.11022843022226,186.73542716274198
1002050004,106 MULBERRY STREET,C7,6.0,1915,311.7809635950635,265.013819055804,53.002763811160804,65617.42159821707,179.77375780333443,195.05017082507175
1002060004,119 BAXTER STREET,C7,6.0,1910,188.6570954907227,160.35853116711428,32.07170623342286,39704.7723169775,108.78019812870548,118.02387893899612
1002050023,111 MOTT STREET,C7,6.0,1900,161.00143143119422,136.8512167165151,27.37024334330302,33884.361259009136,92.83386646303873,100.7224955033551
1002060004,119 BAXTER STREET,C7,6.0,1910,188.6570954907227,160.35853116711428,32.07170623342286,39704.7723169775,108.78019812870548,118.02387893899612
1002380040,173 HESTER STREET,C7,6.0,1910,410.1702428906654,348.6447064570656,69.72894129141312,86324.42931876944,236.50528580484777,256.6025039524003
1002370029,121 MOTT STREET,C7,6.0,1912,229.65451215516293,195.20633533188848,39.0412670663777,48333.08862817559,132.4194208991112,143.67186280426992
1002370028,123 MOTT STREET,C7,6.0,1912,197.02200162544958,167.46870138163214,33.49374027632643,41465.25046209212,113.60342592354004,123.25696421688124
1002050018,174 HESTER STREET,C7,6.0,1910,162.27675315594155,137.9352401825503,27.587048036510062,34152.765469199454,93.56922046356014,101.52033677435702
1002030015,58 ELIZABETH STREET,C7,6.0,1900,342.5676951541982,291.18254088106846,58.2365081762137,72096.79712215255,197.52547156754125,214.3103500884664
1002030015,58 ELIZABETH STREET,C7,6.0,1900,342.5676951541982,291.18254088106846,58.2365081762137,72096.79712215255,197.52547156754125,214.3103500884664
1003040030,85 CHRYSTIE STREET,C7,6.0,1910,174.19241175458671,148.0635499913987,29.61270999827974,36660.53497787032,100.43982185717896,108.97477279366944
1003040029,87 CHRYSTIE STREET,CB,6.0,1900,162.3762525940809,138.01981470496878,27.603962940993757,34173.70612095027,93.62659211219253,101.58258362285703
1002390008,84 ELIZABETH STREET,C7,6.0,1910,159.65011265557436,135.7025957572382,27.140519151447645,33599.96270949218,92.0546923547731,99.87711047732734
1002390010,88 ELIZABETH STREET,C7,6.0,1910,153.95095288491132,130.8583099521746,26.171661990434924,32400.517544158436,88.76854121687242,96.31171612480051
1002380004,124 MOTT STREET,C7,6.0,1912,300.0738417781427,255.0627655114213,51.012553102284265,63153.54074062792,173.02339928939156,187.72619541640609
1002380027,83 ELIZABETH STREET,C7,6.0,1900,318.5624718998837,270.7781011149011,54.155620222980225,67044.65783604952,183.68399407136855,199.29268242056722
1002380027,83 ELIZABETH STREET,C7,6.0,1900,318.5624718998837,270.7781011149011,54.155620222980225,67044.65783604952,183.68399407136855,199.29268242056722
1002380023,91 ELIZABETH STREET,C7,6.0,1910,225.17371875028417,191.39766093774153,38.279532187548305,47390.0608481848,129.8357831457118,140.86867845017775
1002380021,95 ELIZABETH STREET,C7,6.0,1910,228.37906002545716,194.12220102163857,38.824440204327715,48064.65697295771,131.68399170673345,142.873939951926
1002380014,209 GRAND STREET,C7,6.0,1900,267.5867558402002,227.44874246417018,45.48974849283404,56316.30863412854,154.291256531859,167.40227445362927
1002390011,90 ELIZABETH STREET,C7,6.0,1900,165.84815755472263,140.97093392151424,28.19418678430285,34904.40323896693,95.62850202456693,103.75460736623448
1002390012,92 ELIZABETH STREET,C7,6.0,1912,572.7206110473069,486.8125193902108,97.36250387804216,120534.7798010162,330.2322734274416,358.2940142711952
1004700031,208 GRAND STREET,C7,6.0,1920,151.30106881315118,128.6059084911785,25.7211816982357,31842.822942415798,87.24061080113917,94.65394864950737
1004700032,206 GRAND STREET,C7,6.0,1909,185.1808167662272,157.4036942512931,31.48073885025862,38973.15469662017,106.77576629211006,115.84911896895171
1004710052,200 GRAND STREET,C7,6.0,1910,367.08253596209175,312.020155567778,62.4040311135556,77256.19051858183,211.6607959413201,229.64683449788458
1002370011,146 MULBERRY STREET,C7,6.0,1900,201.01272893383745,170.86081959376182,34.17216391875237,42305.13893141543,115.90449022305597,125.7535632210087
1002370012,191 GRAND STREET,C7,6.0,1900,363.04594574971475,308.58905388725753,61.71781077745151,76406.64974248497,209.33328696571223,227.12154366102155
1002060016,182 HESTER STREET,C7,6.0,1910,209.59977342681813,178.1598074127954,35.631961482559085,44112.368315408145,120.85580360385794,131.12561825581744
1002060012,190 HESTER STREET,C7,6.0,1910,180.95582927323954,153.8124548822536,30.76249097645072,38083.96382884599,104.33962692834518,113.20596679333865
1002360033,197 HESTER STREET,C7,6.0,1910,333.98403165137256,283.8864269036667,56.77728538073334,70290.27930134788,192.5761076749257,208.94041020109867
1002370036,191 HESTER STREET,C7,6.0,1900,128.70407095824822,109.39846031451098,21.879692062902198,27087.05877387292,74.21111992841895,80.5172667914801
1002350016,150 BAXTER STREET,C7,6.0,1900,201.80166538953404,171.53141558110391,34.30628311622078,42471.17849788133,116.35939314488036,126.24712186769248
1004730044,178 LAFAYETTE STREET,C7,6.0,1906,158.1511394912192,134.42846856753633,26.885693713507266,33284.488817321995,91.19038032143013,98.93935286570674
1004700038,118 ELIZABETH STREET,C7,6.0,1900,163.86287523548572,139.28344395016285,27.85668879003257,34486.580722060324,94.48378280016527,102.51261474731984
1004700039,120 ELIZABETH STREET,C7,6.0,1900,173.91747667929275,147.82985517739883,29.565971035479766,36602.67214192395,100.28129353951766,108.80277341056554
1004700021,119 ELIZABETH STREET,C7,6.0,1921,298.10698984578835,253.3909413689201,50.67818827378402,62739.59708294462,171.8893070765606,186.4957328475252
1004700042,126 ELIZABETH STREET,C4,6.0,1900,175.04918915206198,148.79181077925267,29.758362155850534,36840.852348942964,100.93384205189854,109.51077273352996
1004700004,158 MOTT STREET,C7,6.0,1905,143.73331168721955,122.17331493413661,24.434662986827323,30250.112777692226,82.87702130874582,89.91955979152455
1004700007,164 MOTT STREET,C7,6.0,1900,150.53282639087064,127.95290243224004,25.590580486448008,31681.138642222635,86.79764011567845,94.17333619012868
1004710021,163 MULBERRY STREET,C7,6.0,1900,159.1943460060525,135.31519410514463,27.063038821028925,33504.04206043381,91.79189605598303,99.59198286138644
1004710020,165 MULBERRY STREET,C7,6.0,1920,162.13414827896227,137.81402603711794,27.56280520742359,34122.752846790405,93.48699410079563,101.43112316331882
1004710018,169 MULBERRY STREET,C7,6.0,1914,154.18806539103363,131.0598555823786,26.21197111647572,32450.420242196942,88.90526093752587,96.46005370863065
1004790035,358 BROOME STREET,C7,6.0,1900,294.2592980442587,250.12040333761988,50.024080667523975,61929.81186639468,169.67071744217722,184.08861685648822
1004700009,365 BROOME STREET,C7,6.0,1900,553.2484189190036,470.26115608115305,94.05223121623061,116436.6622456935,319.0045540977904,346.11221087572864
1004700009,365 BROOME STREET,C7,6.0,1900,553.2484189190036,470.26115608115305,94.05223121623061,116436.6622456935,319.0045540977904,346.11221087572864
1004710044,171 MOTT STREET,C7,6.0,1900,123.15108286587788,104.6784204359962,20.935684087199242,25918.376899952662,71.00925178069222,77.0433174408932
1004710043,373 BROOME STREET,C7,6.0,1900,271.86062757082345,231.08153343519993,46.21630668703999,57215.787678555505,156.755582680974,170.07600860830715
1004710017,171 MULBERRY STREET,C7,6.0,1900,199.61705800471339,169.67449930400636,33.93489986080127,42011.406027671976,115.09974254156705,124.8804314877487
1004800041,384 BROOME STREET,C7,6.0,1900,397.86272459932457,338.18331590942586,67.63666318188517,83734.18901917383,229.4087370388324,248.9029205093374
1004800041,384 BROOME STREET,C7,6.0,1900,397.86272459932457,338.18331590942586,67.63666318188517,83734.18901917383,229.4087370388324,248.9029205093374
1004790031,149 ELIZABETH STREET,C7,6.0,1900,300.43023920905347,255.36570332769543,51.073140665539086,63228.54814393739,173.228899024486,187.94915764918383
1004790003,184 MOTT STREET,C7,6.0,1900,309.6002459966133,263.1602090971213,52.632041819424266,65158.46777244724,178.51635006149928,193.6859138954813
1004790005,192 MOTT STREET,C7,6.0,1900,319.6341979842327,271.6890682865978,54.33781365731956,67270.21330776162,184.30195426784005,199.96315425893596
1004810035,390 BROOME STREET,C7,6.0,1900,261.7481183201073,222.48590057209123,44.49718011441825,55087.50898164979,150.92468214150628,163.74962282105915
1004810039,396 BROOME STREET,C7,6.0,1900,157.06206665221978,133.50275665438681,26.700551330877364,33055.28254762618,90.56241793870186,98.25802889762869
1004810033,183 MULBERRY STREET,C7,6.0,1920,357.3074994387578,303.71137452294414,60.74227490458883,75198.93633188098,206.02448310104378,223.5315716488869
1004810033,183 MULBERRY STREET,C7,6.0,1920,357.3074994387578,303.71137452294414,60.74227490458883,75198.93633188098,206.02448310104378,223.5315716488869
1004810032,86 KENMARE STREET,C7,6.0,1900,338.78584021714295,287.9679641845715,57.5935928369143,71300.86793209989,195.34484364958874,211.9444216398446
1004810028,195 MULBERRY STREET,C7,6.0,1900,389.61144929184775,331.16973189807055,66.23394637961411,81997.62561796227,224.6510290903076,243.74092267697995
1003410075,157 BROOME STREET,C6,6.0,1910,441.1412441244929,374.97005750581894,74.9940115011638,92842.58623844078,254.3632499683309,275.97796232428277
1003480032,107 CLINTON STREET,C7,6.0,1920,195.068206533669,165.80797555361866,33.16159511072373,41054.05474707598,112.4768623207561,122.03467000746332
1003480031,105 CLINTON STREET,C7,6.0,1920,195.0675108616398,165.80738423239382,33.16147684647876,41053.90833594071,112.47646119435811,122.03423479504184
1003480073,172 DELANCEY STREET,C6,6.0,1920,181.71895388454334,154.46111080186182,30.892222160372366,38244.57103454099,104.77964666997532,113.6833775501703
1003480074,170 DELANCEY STREET,C7,6.0,1920,173.1256492799146,147.1568018879274,29.43136037758548,36436.02414745082,99.82472369164608,108.30740618951457
1003480076,168 1/2 DELANCEY STREET,C7,6.0,1900,142.5135719745592,121.13653617837531,24.227307235675063,29993.40635776573,82.17371604867323,89.15649062728423
1003480053,173 RIVINGTON STREET,C6,6.0,1920,244.85697604008908,208.1284296340757,41.625685926815144,51532.59917739715,141.1852032257456,153.18252421067973
1003430065,57 PITT STREET,C7,6.0,1900,194.00019016737198,164.90016164226617,32.980032328453234,40829.280022625106,111.861041157877,121.36651896870791
1003440069,210 RIVINGTON STREET,C7,6.0,1920,303.7761123662238,258.20969551129025,51.64193910225805,63932.72060859547,175.15813865368622,190.04233589630962
1003440072,206 RIVINGTON STREET,C7,6.0,1920,238.4519663464624,202.68417139449303,40.53683427889861,50184.60083727648,137.4920570884287,149.1755501463469
1003440068,85 PITT STREET,C7,6.0,1920,182.42461027321318,155.0609187322312,31.01218374644624,38393.083478100445,105.18653007698752,114.12483618692215
1003440073,202 RIVINGTON STREET,C7,6.0,1920,298.00283430608084,253.3024091601687,50.660481832033746,62717.676508057775,171.82925070700762,186.4305731418842
1003440067,89 PITT STREET,C4,6.0,1920,170.98175186734474,145.334489087243,29.066897817448606,35984.81949800137,98.58854656986678,106.96618396821087
1003440076,106 RIDGE STREET,C7,6.0,1914,348.38039620004275,296.12333677003636,59.22466735400727,73320.138184261,200.87709091578355,217.94677586274676
1003450029,200 STANTON STREET,C7,6.0,1920,154.8873122490502,131.6542154116927,26.33084308233854,32597.58373593511,89.30844859160304,96.89750254300583
1003250001,140 BARUCH PLACE,C4,6.0,1920,1166.7932875558772,991.7742944224956,198.35485888449912,245563.3152990099,672.7762062986573,729.9458806949568
1003720039,11 AVENUE D,C7,6.0,1900,203.6477489760462,173.10058662963925,34.62011732592785,42859.70524949868,117.42384999862652,127.4020317594145
1003720023,300 EAST 3 STREET,C1,6.0,2001,131.57457352369755,111.83838749514291,22.367677499028584,27691.18474379739,75.86625957204764,82.31305319642519
1003720068,264 EAST 2 STREET,C1,6.0,1905,239.21840336496228,203.33564286021794,40.667128572043595,50345.90517218997,137.9339867731232,149.65503314512043
1003730040,327 EAST 3 STREET,C6,6.0,1920,298.8865352775851,254.05355498594733,50.81071099718947,62903.66021452056,172.33879510827552,186.98341646965724
1003730046,317 EAST 3 STREET,C6,6.0,1925,291.34247147118515,247.64110075050738,49.528220150101475,61315.93654582563,167.98886724883735,182.26385015237344
1003730049,311 EAST 3 STREET,C6,6.0,1920,288.0669592937294,244.85691539966996,48.97138307993399,60626.572252958285,166.10019795331038,180.2146897341571
1003730032,37 AVENUE D,C7,6.0,1900,253.30528894715454,215.30949560508134,43.06189912101627,53310.63111181814,146.0565235940223,158.46778876533986
1003480007,110 SUFFOLK STREET,C6,6.0,1920,180.5273116743728,153.44821492321688,30.689642984643378,37993.7780149885,104.09254250681781,112.93788618348763
1003480021,163 RIVINGTON STREET,C7,6.0,1920,223.2843506506576,189.79169805305895,37.958339610611795,46992.4244379374,128.74636832311617,139.6866897670514
1003440173,72 CLINTON STREET,C6,6.0,1925,231.1198267213606,196.4518527131565,39.29037054263131,48641.47873177756,133.26432529254126,144.5885635968832
1003530057,131 RIVINGTON STREET,C7,6.0,1920,408.90604152266997,347.57013529426945,69.5140270588539,86058.36549886112,235.77634383249622,255.81161957658233
1003530024,129 RIVINGTON STREET,C7,6.0,1930,242.00975462642407,205.70829143246044,41.14165828649209,50933.3729586772,139.54348755801973,151.4013024942909
1003440146,42 CLINTON STREET,C7,6.0,1920,182.9253094942701,155.48651307012958,31.097302614025917,38498.46063616408,105.47523461962763,114.43807361961538
1003440154,141 ATTORNEY STREET,C6,6.0,1920,338.37949734531554,287.6225727435182,57.52451454870365,71215.34901129511,195.11054523642497,211.6902135392294
1003490032,158 RIVINGTON STREET,C7,6.0,1900,109.21863816874473,92.83584244343302,18.567168488686605,22986.154588994017,62.97576599724388,68.3271800383667
1003490027,63 CLINTON STREET,C4,6.0,1920,178.8622809208069,152.03293878268587,30.406587756537178,37643.35564259303,103.13248121258364,111.89624294405681
1003490026,61 CLINTON STREET,C4,6.0,1920,176.34089636295957,149.88976190851562,29.977952381703126,37112.70504854847,101.67864396862595,110.31886476466751
1003500030,168 STANTON STREET,C7,6.0,1920,177.76229566148217,151.09795131225985,30.219590262451973,37411.852744915544,102.49822669839875,111.20809216582325
1003500028,23 CLINTON STREET,C7,6.0,1920,202.821465906247,172.39824602030995,34.47964920406199,42685.80571462875,116.94741291679108,126.88510907094813
1003720001,14 AVENUE C,C7,6.0,1920,321.07135693748376,272.91065339686116,54.582130679372234,67572.67778106283,185.13062405770637,200.8622409000898
1003500075,184 STANTON STREET,C4,6.0,1920,227.3717153623148,193.26595805796757,38.65319161159351,47852.65121515277,131.1031540141172,142.2437451306641
1003500077,182 STANTON STREET,C4,6.0,1920,117.85895825870956,100.18011451990313,20.036022903980626,24804.596355128015,67.95779823322744,73.7325642866487
1003450018,333 EAST HOUSTON STREET,C7,6.0,1920,178.27658151891484,151.5350942910776,30.30701885821552,37520.08934647081,102.79476533279674,111.52982939823312
1003450014,325 EAST HOUSTON STREET,C4,6.0,1920,145.13148106524187,123.36175890545559,24.67235178109112,30544.371504990806,83.68320960271454,90.79425455441532
1003840026,243 EAST 2 STREET,C4,6.0,1900,123.92823081911216,105.33899619624533,21.06779923924907,26081.935458190346,71.45735741969958,77.52950120043658
1003850038,21 AVENUE C,C4,6.0,1900,244.62949472030283,207.9350705122574,41.587014102451484,51484.72345883494,141.05403687352037,153.04021189702146
1003850037,25 AVENUE C,C1,6.0,2000,153.75094709910513,130.68830503423936,26.137661006847875,32358.42432647767,88.65321733281553,96.18659250520017
1003500057,309 EAST HOUSTON STREET,C6,6.0,1920,304.9077078059722,259.17155163507636,51.834310327015274,64170.87618484491,175.8106196845066,190.7502620034162
1003850054,232 EAST 2 STREET,C4,6.0,1910,172.6343740112225,146.73921790953912,29.347843581907824,36332.63035440189,99.5414530257586,108.0000643814208
1003850035,29 AVENUE C,C1,6.0,2000,153.91824729546732,130.83051020114723,26.166102040229447,32393.634325804054,88.74968308439468,96.29125550804436
1003850050,240 EAST 2 STREET,C4,6.0,1910,183.3515982477218,155.84885851056353,31.16977170211271,38588.17736721553,105.72103388278228,114.70475986377477
1003850034,31 AVENUE C,C7,6.0,1900,212.0530690558549,180.24510869747667,36.04902173949534,44628.68891349523,122.27038058491844,132.66040000134282
1003970038,6 AVENUE B,C7,6.0,1900,107.54859576844184,91.41630640317557,18.283261280635113,22634.67746542627,62.0128149737706,67.28240151273722
1003970033,14 AVENUE B,C7,6.0,1925,275.09265386173706,233.8287557824765,46.7657511564953,57895.99993174118,158.6191778951813,172.0979642559027
1003970025,185 EAST 2 STREET,C6,6.0,1915,195.55595187094818,166.22255909030594,33.24451181806119,41156.70563075975,112.75809761851987,122.33980349046517
1003970022,181 EAST 2 STREET,C4,6.0,1910,386.8584454558094,328.82967863743795,65.76593572748759,81418.22843062964,223.0636395359716,242.01864347715434
1003550067,157 SUFFOLK STREET,C1,6.0,1900,318.43421355504535,270.66908152178854,54.13381630435771,67017.66458479484,183.610039958342,199.21244400003638
1003500050,6 CLINTON STREET,C4,6.0,1930,187.17822064227016,159.10148754592964,31.82029750918593,39393.52831637218,107.92747483937585,117.09869483380422
1003500051,299 EAST HOUSTON STREET,C7,6.0,1920,249.11048339445742,211.7439108852888,42.348782177057764,52427.79233519751,143.6377872197192,155.84351841157257
1003550044,178 NORFOLK STREET,C7,6.0,1900,191.78586665404646,163.0179866559395,32.6035973311879,40363.25349601062,110.58425615345375,119.98123817877148
1003550046,184 NORFOLK STREET,C4,6.0,1900,357.56022810168804,303.9261938864348,60.78523877728696,75252.12560628126,206.17020714049661,223.68967870041604
1003550046,184 NORFOLK STREET,C4,6.0,1900,357.56022810168804,303.9261938864348,60.78523877728696,75252.12560628126,206.17020714049661,223.68967870041604
1003550048,188 NORFOLK STREET,C4,6.0,1900,128.16162773667617,108.93738357617474,21.78747671523495,26972.896173460867,73.89834568071471,80.17791431206462
1003500007,178 SUFFOLK STREET,C6,6.0,1910,214.61312836666448,182.4211591116648,36.48423182233296,45167.4789960482,123.74651779739233,134.26197310618528
1003550062,167 SUFFOLK STREET,C4,6.0,1900,348.6241199159476,296.3305019285554,59.266100385711084,73371.43227751032,201.01762267811046,218.09924941941676
1003550062,167 SUFFOLK STREET,C4,6.0,1900,348.6241199159476,296.3305019285554,59.266100385711084,73371.43227751032,201.01762267811046,218.09924941941676
1003500012,271 EAST HOUSTON STREET,C7,6.0,1920,182.69407218933543,155.2899613609351,31.057992272187022,38449.79443296753,105.34190255607542,114.29341156164824
1003970018,171 EAST 2 STREET,C1,6.0,1900,161.6834649375493,137.4309451969169,27.48618903938338,34027.902030756624,93.22712885138802,101.14917566493084
1003980053,170 EAST 2 STREET,C7,6.0,1900,264.22708345483665,224.59302093661114,44.91860418732223,55609.23198390492,152.3540602298765,165.3004634093458
1003970022,181 EAST 2 STREET,C4,6.0,1910,386.8584454558094,328.82967863743795,65.76593572748759,81418.22843062964,223.0636395359716,242.01864347715434
1003980043,190 EAST 2 STREET,C7,6.0,1900,307.3916054961411,261.28286467171995,52.25657293434399,64693.63729271786,177.24284189785715,192.3041883983859
1004290045,114 EAST 1 STREET,C7,6.0,1920,274.7065330649778,233.50055310523112,46.70011062104623,57814.73694885523,158.39653958590475,171.85640708545012
1004290047,110 EAST 1 STREET,C1,6.0,1900,232.3060386265566,197.46013283257312,39.492026566514625,48891.128889345106,133.9482983269729,145.3306577647738
1003980061,156 EAST 2 STREET,C7,6.0,1919,229.76943634932633,195.30402089692737,39.06080417938548,48357.27557407922,132.48568650432662,143.74375938013856
1003740041,41 AVENUE D,C7,6.0,1900,291.02744772315015,247.37333056467762,49.47466611293552,61249.63664781418,167.8072236926416,182.06677129560273
1003730019,332 EAST 4 STREET,C7,6.0,1920,266.7363107725001,226.72586415662505,45.345172831325016,56137.32396518037,153.8008875758366,166.87023601927604
1003730017,328 EAST 4 STREET,C1,6.0,1900,142.58752420273504,121.19939557232478,24.239879114464955,30008.970343707613,82.21635710604825,89.20275514123102
1003730016,326 EAST 4 STREET,C1,6.0,1899,131.14715017335533,111.47507764735202,22.295015529470405,27601.22922548436,75.61980609721742,82.04565714845108
1003750042,63 AVENUE D,C7,6.0,1900,172.20466930148098,146.37396890625882,29.274793781251766,36242.194701189685,99.29368411284845,107.7312411150065
1003750039,67 AVENUE D,C7,6.0,1910,218.019769316802,185.3168039192817,37.063360783856346,45884.44065041416,125.71079630250455,136.39316768459136
1003740065,307 EAST 4 STREET,C6,6.0,1900,277.75853954442795,236.09475861276374,47.21895172255275,58457.06223252031,160.1563348836173,173.76574233899413
1003750030,742 EAST 6 STREET,C6,6.0,1902,271.4683787353374,230.7481219250368,46.149624385007364,57133.23498863912,156.5294109277784,169.8306177368271
1003760041,745 EAST 6 STREET,C4,6.0,1900,299.93298183332877,254.94303455832946,50.9886069116659,63123.89535664238,172.9421790592942,187.6380734349305
1003740006,64 AVENUE C,C6,6.0,1910,238.34112091263043,202.58995277573587,40.51799055514718,50161.27230727221,137.4281433075951,149.10620524294163
1003740008,702 EAST 5 STREET,C6,6.0,1900,162.8886819601131,138.45537966609612,27.691075933219224,34281.5520053254,93.92206028856275,101.90315943424675
1003870143,653 EAST 5 STREET,C6,6.0,1900,187.06461698212684,159.0049244348078,31.80098488696156,39369.619290058414,107.86197065769429,117.02762438401854
1003870141,73 AVENUE C,C6,6.0,1920,187.06587551722998,159.0059941896455,31.8011988379291,39369.884161356225,107.86269633248281,117.02841172357908
1003760031,276 EAST 7 STREET,C6,6.0,1920,189.5438353869845,161.11226007893683,32.22245201578737,39891.39559554476,109.29149478231442,118.57862341809751
1003760030,274 EAST 7 STREET,C4,6.0,1910,188.39737624737035,160.13776981026479,32.027553962052956,39650.11180502156,108.63044330142893,117.86139858035489
1003760028,272 EAST 7 STREET,C4,6.0,1900,191.73559932665677,162.97525942765824,32.59505188553165,40352.674234288184,110.55527187476216,119.94979093875648
1003760018,250 EAST 7 STREET,C6,6.0,1928,178.9187911647289,152.08097249001958,30.416194498003918,37655.24878852885,103.16506517405165,111.9315957526544
1003760016,248 EAST 7 STREET,C6,6.0,1928,177.05834709051754,150.49959502693991,30.099919005387985,37263.699728670326,102.09232802375432,110.76770193982777
1003760014,246 EAST 7 STREET,C1,6.0,1928,259.60375848219985,220.66319470986986,44.13263894197397,54636.20701016378,149.68823838401036,162.4081113064642
1003850002,21 AVENUE B,C7,6.0,1900,153.37764381332772,130.37099724132855,26.074199448265713,32279.85891695295,88.43796963548753,95.95305396961783
1003850003,23 AVENUE B,C7,6.0,1900,146.53773989948778,124.5570789145646,24.911415782912922,30840.332739246198,84.49406229930466,91.67401008111955
1003850055,230 EAST 2 STREET,C4,6.0,1910,163.13784120766883,138.6671650265185,27.7334330053037,34333.99006056598,94.06572619333144,102.05903345951761
1003860053,233 EAST 3 STREET,C1,6.0,1910,284.38002168466676,241.72301843196675,48.344603686393356,59850.61936375497,163.97429962672595,177.90814156592754
1003860011,250 EAST 4 STREET,C4,6.0,1900,525.2956381672718,446.501292442181,89.30025848843621,110553.72000868403,302.8869041333809,328.62495123744526
1003990038,38 AVENUE B,C7,6.0,1900,171.50794703556673,145.7817549802317,29.156350996046342,36095.562533105374,98.89195214549417,107.29537166545055
1003860011,250 EAST 4 STREET,C4,6.0,1900,525.2956381672718,446.501292442181,89.30025848843621,110553.72000868403,302.8869041333809,328.62495123744526
1003860011,250 EAST 4 STREET,C4,6.0,1900,525.2956381672718,446.501292442181,89.30025848843621,110553.72000868403,302.8869041333809,328.62495123744526
1003860010,53 AVENUE B,C7,6.0,1900,193.66024491822412,164.6112081804905,32.9222416360981,40757.735145489445,111.66502779586149,121.153849220841
1003990033,46 AVENUE B,C7,6.0,1900,241.72681988298964,205.4677969005412,41.093559380108246,50873.82651257401,139.38034660979181,151.22429851879835
1003990030,50 AVENUE B,C7,6.0,1900,330.32623660987304,280.7773011183921,56.15546022367842,69520.45975691389,190.46701303264078,206.65209362313658
1004000039,235 EAST 4 STREET,C7,6.0,1920,365.70564526533724,310.84979847553666,62.16995969510734,76966.41010254288,210.86687699326816,228.78545167799498
1003990041,191 EAST 3 STREET,C7,6.0,1900,289.0129852940249,245.66103749992112,49.132207499984226,60825.67288498047,166.64567913693278,180.80652359994195
1003990043,189 EAST 3 STREET,C7,6.0,1900,138.9537638150607,118.1106992428016,23.622139848560323,29244.20913251768,80.12112091100734,86.92947464270199
1003990026,234 EAST 4 STREET,C7,6.0,1900,279.96968103369676,237.97422887864224,47.59484577572845,58922.419070351825,161.4312851242516,175.1490324546807
1003990024,230 EAST 4 STREET,C1,6.0,1900,280.1957048727584,238.16634914184465,47.63326982836893,58969.98804752074,161.5616110890979,175.29043296839768
1004000045,225 EAST 4 STREET,C6,6.0,1937,193.74816939359812,164.6859439845584,32.937188796911684,40776.239730576664,111.71572528925114,121.208854772635
1003870047,279 EAST 4 STREET,C4,6.0,1900,181.28734872573492,154.09424641687468,30.818849283374938,38153.735412818176,104.5307819529265,113.41336536281977
1003870048,277 EAST 4 STREET,C1,6.0,1920,182.09737656614544,154.78277008122362,30.956554016244723,38324.213872110966,104.99784622496155,113.92011877978058
1003870015,610 EAST 5 STREET,C6,6.0,1900,195.10143200167872,165.8362172014269,33.16724344028538,41061.0473790733,112.49602021663918,122.05545586025022
1003870157,619 EAST 5 STREET,C1,6.0,1900,296.45489981665594,251.98666484415753,50.397332968831506,62391.89821541341,170.93670743948877,185.46218532529994
1003870119,620 EAST 6 STREET,C7,6.0,1920,201.67383312033746,171.42275815228683,34.284551630457365,42444.27491850622,116.28568470823622,126.1671500000831
1004000047,223 EAST 4 STREET,C6,6.0,1937,193.69181020111887,164.63803867095103,32.92760773419021,40764.37837492748,111.68322842445885,121.17359646181997
1004000050,213 EAST 4 STREET,C7,6.0,1900,283.4375413221075,240.92191012379138,48.18438202475828,59652.26494665075,163.4308628675363,177.31852585111045
1004000038,60 AVENUE B,C7,6.0,1900,182.26480350356078,154.92508297802667,30.985016595605334,38359.4505453594,105.09438505577918,114.02486107182763
1004000026,540 EAST 5 STREET,C7,6.0,1929,236.61416521259324,201.12204043070423,40.22440808614085,49797.817210642366,136.43237591956813,148.0258217569983
1004000024,536 EAST 5 STREET,C7,6.0,1929,230.17807046050257,195.65135989142718,39.130271978285435,48443.27670911737,132.72130605237635,143.9994008800904
1004010042,543 EAST 5 STREET,C7,6.0,1900,161.49027254493149,137.26673166319176,27.453346332638354,33987.24275980628,93.11573358851035,101.02831450410913
1003760019,254 EAST 7 STREET,C6,6.0,1910,230.14013642706456,195.61911596300487,39.12382319260098,48435.29311244001,132.69943318476714,143.9756693487716
1003870140,77 AVENUE C,C7,6.0,1900,186.94362682867518,158.9020828043739,31.78041656087478,39344.15570236298,107.7922074037342,116.95193294401918
1003760011,238 EAST 7 STREET,C4,6.0,1900,263.2128769485875,223.73094540629938,44.74618908125988,55395.782082599726,151.76926597972528,164.66597581903636
1003760005,98 AVENUE C,C6,6.0,1900,229.96837725144647,195.4731206637295,39.094624132745906,48399.144676339434,132.6003963735327,143.8682168085049
1003890036,645 EAST 6 STREET,C7,6.0,1935,573.582837578246,487.5454119415091,97.50908238830182,120716.24399671765,330.7294356074456,358.8334231889507
1003770062,249 EAST 7 STREET,C6,6.0,2001,219.3504588853144,186.44789005251724,37.28957801050345,46164.49757700327,126.47807555343361,137.22564707865268
1003780039,115 AVENUE D,C7,6.0,1900,194.44027460806308,165.2742334168536,33.05484668337072,40921.90019401295,112.11479505209029,121.64183579480424
1003770016,368 EAST 8 STREET,C6,6.0,1923,298.5130975391887,253.7361329083104,50.74722658166208,62825.06650809766,172.12346988519909,186.74979382051646
1003890032,99 AVENUE C,C7,6.0,1907,308.23072787999683,261.9961186979973,52.399223739599464,64870.23898962414,177.7266821633538,192.829143361726
1003770066,243 EAST 7 STREET,C7,6.0,1899,139.17278406131322,118.29686645211623,23.659373290423247,29290.30413354398,80.247408585052,87.06649370875755
1003770067,241 EAST 7 STREET,C6,6.0,1900,158.26026617676604,134.52122625025112,26.904245250050224,33307.45561956218,91.25330306729363,99.00762252018482
1003890054,613 EAST 6 STREET,C6,6.0,1920,166.01491563107743,141.11267828641581,28.222535657283164,34939.49914371656,95.72465518826455,103.85893121880204
1003890022,208 EAST 7 STREET,C7,6.0,1900,295.920004336502,251.5320036860267,50.306400737205344,62279.324112660215,170.62828524016498,185.12755471291567
1003890021,206 EAST 7 STREET,C6,6.0,1900,175.56851943670168,149.23324152119642,29.846648304239284,36950.15060064824,101.23328931684449,109.83566575960056
1003890020,204 EAST 7 STREET,C6,6.0,1900,173.287634357747,147.29448920408495,29.45889784081699,36470.11552693143,99.918124731319,108.40874405420652
1003770002,112 AVENUE C,C7,6.0,1900,301.7301546351592,256.4706314398853,51.294126287977065,63502.12834451561,173.9784338205907,188.7623847397556
1003900037,107 AVENUE C,C6,6.0,1900,219.6791225868541,186.727254198826,37.3454508397652,46233.66813962931,126.6675839441899,137.43125909033594
1003990047,181 EAST 3 STREET,C7,6.0,1900,292.48380613414685,248.61123521402482,49.722247042804966,61556.141838992546,168.64696394244532,182.97786911752226
1003980066,24 AVENUE A,C6,6.0,1900,227.42305666018362,193.30959816115606,38.66191963223122,47863.45650470225,131.13275754712944,142.2758642466109
1004000061,193 EAST 4 STREET,C7,6.0,1900,121.57200138679242,103.33620117877355,20.66724023575471,25586.04341186433,70.09874907360091,76.05544406757734
1004340049,417 EAST 6 STREET,C1,6.0,1897,154.0570923669919,130.9485285119431,26.189705702388622,32422.855659557114,88.82974153303319,96.37811698479013
1004340019,110 EAST 7 STREET,C7,6.0,1898,148.3002507208246,126.05521311270091,25.211042622540184,31211.270766704747,85.51033086768423,92.77663685094787
1004350043,117 EAST 7 STREET,C7,6.0,1907,249.22167225060426,211.8384214130136,42.367684282602724,52451.193141862175,143.70189901880048,155.91307815997803
1004350027,126 ST MARKS PLACE,C7,6.0,1920,218.91816240244347,186.08043804207693,37.216087608415386,46073.51645921825,126.22881221703629,136.95520239896862
1004150012,176 ELDRIDGE STREET,C7,6.0,1920,443.5305055051023,377.000929679337,75.4001859358674,93345.43018860384,255.7409046263119,277.472684243992
1004150012,176 ELDRIDGE STREET,C7,6.0,1920,443.5305055051023,377.000929679337,75.4001859358674,93345.43018860384,255.7409046263119,277.472684243992
1004150022,145 ALLEN STREET,C7,6.0,1900,115.00162205028094,97.7513787427388,19.55027574854776,24203.241376702128,66.31025034712911,71.94501475465576
1004160032,66 RIVINGTON STREET,C7,6.0,1900,270.5189274622964,229.94108834295193,45.98821766859039,56933.4134737149,155.98195472250657,169.23664102041263
1004210078,42 RIVINGTON STREET,C7,6.0,1900,305.7056781346745,259.8498264144733,51.96996528289466,64338.81702022359,176.27073156225643,191.24947224105236
1004210080,40 RIVINGTON STREET,C7,6.0,1900,165.14701254437978,140.3749606627228,28.074992132544562,34756.84026009017,95.22421989065799,103.31597104776398
1004210043,172 FORSYTH STREET,C6,6.0,1900,203.82268323288986,173.24928074795636,34.64985614959127,42896.521913193996,117.52471757039451,127.51147063049586
1004160064,153 ORCHARD STREET,C7,6.0,1900,176.2981820709547,149.8534547603115,29.970690952062302,37103.71539865313,101.65401479083049,110.29214270358928
1004160063,155 ORCHARD STREET,C7,6.0,1900,178.35557443172362,151.6022382669651,30.320447653393018,37536.71419490055,102.84031286274124,111.57924736448629
1004160062,157 ORCHARD STREET,C7,6.0,1900,187.48755345141834,159.3644204337056,31.87288408674112,39458.63049938551,108.10583698461784,117.29221343920732
1004160055,85 STANTON STREET,C6,6.0,1900,160.6207136450875,136.52760659832438,27.305521319664877,33804.23539374512,92.61434354450718,100.48431845636674
1004220064,231 ELDRIDGE STREET,C7,6.0,1900,224.82423745262966,191.10060183473522,38.22012036694704,47316.50901428044,129.6342712720012,140.6500429503651
1004170019,201 ALLEN STREET,C7,6.0,1900,219.1081265934988,186.241907604474,37.2483815208948,46113.496322867766,126.33834609004867,137.07404399689287
1004170018,159 EAST HOUSTON STREET,C7,6.0,1900,396.7559187970764,337.24253097751495,67.44850619550299,83501.25067003269,228.7705497809115,248.21050279945098
1004220062,233 ELDRIDGE STREET,C7,6.0,1900,223.96458755830145,190.36989942455622,38.073979884911246,47135.587097520125,129.13859478772636,140.1122459764734
1004220060,237 ELDRIDGE STREET,C6,6.0,1900,309.0437889869344,262.6872206388942,52.53744412777884,65041.3558301902,178.19549542517862,193.33779439022612
1004220057,245 ELDRIDGE STREET,C7,6.0,1900,217.55454503275303,184.92136327784007,36.98427265556801,45786.5295475932,125.4425467057348,136.10212337249027
1004420021,49 EAST 1 STREET,C6,6.0,1920,235.15742186938598,199.88380858897807,39.97676171779562,49491.23100663097,135.59241371679718,147.11448312148786
1004120040,162 LUDLOW STREET,C7,6.0,1900,181.9473079543728,154.6552117612169,30.93104235224338,38292.630432077305,104.91131625226659,113.82623585625564
1004120035,161 LUDLOW STREET,C4,6.0,1900,183.3052269531811,155.80944291020393,31.16188858204079,38578.4180645665,105.69429606730547,114.6757499819101
1004110009,162 ORCHARD STREET,C7,6.0,1930,146.2061677282771,124.27524256903554,24.85504851380711,30770.5500600932,84.30287687696767,91.46657853081017
1004110018,101 STANTON STREET,C7,6.0,1920,177.0435407134743,150.48700960645314,30.09740192129063,37260.5835785578,102.08379062618576,110.75843907034951
1004110011,166 ORCHARD STREET,C7,6.0,1920,155.57571151032704,132.23935478377797,26.447870956755594,32742.464244463426,89.70538149168063,97.32816512086059
1004120001,172 ORCHARD STREET,C7,6.0,1920,221.5939307700678,188.35484115455762,37.67096823091153,46636.65866986847,127.77166758868074,138.62916308975443
1004170068,86 STANTON STREET,C7,6.0,1920,174.02935933060274,147.92495543101234,29.584991086202468,36626.21896471865,100.34580538279083,108.87276719722509
1004170056,185 EAST HOUSTON STREET,C7,6.0,1900,391.3359413332785,332.63555013328676,66.52711002665735,82360.5622130018,225.64537592603233,244.81976489809904
1004170056,185 EAST HOUSTON STREET,C7,6.0,1900,391.3359413332785,332.63555013328676,66.52711002665735,82360.5622130018,225.64537592603233,244.81976489809904
1004170054,179 EAST HOUSTON STREET,C7,6.0,1900,156.84392056414254,133.31733247952116,26.66346649590423,33009.37152192944,90.436634306656,98.12155670492757
1004290005,18 1 AVENUE,C7,6.0,1900,272.56286498693333,231.67843523889331,46.33568704777866,57363.58056514998,157.16049469904104,170.51532833582547
1004430050,54 EAST 1 STREET,C6,6.0,1910,169.3249044067233,143.92616874571482,28.785233749142964,35636.11938143899,97.63320378476436,105.92966019684611
1005070004,232 ELIZABETH STREET,C7,6.0,1910,214.19844694180296,182.06867990053252,36.4137359801065,45080.20514337185,123.50741135170371,134.00254840679193
1005080044,233 ELIZABETH STREET,C7,6.0,1910,244.14511941147953,207.52335149975758,41.50467029995152,51382.781831339984,140.7747447433972,152.7371867038216
1005080053,31 PRINCE STREET,C7,6.0,1910,191.10849891887267,162.44222408104176,32.48844481620835,40220.69468246594,110.19368406155051,119.55747692364672
1005080042,239 ELIZABETH STREET,CB,6.0,1914,116.57022797932859,99.0846937824293,19.81693875648586,24533.370180529495,67.21471282336847,72.92633462386797
1005080001,246 MOTT STREET,C7,6.0,1897,615.1617685022703,522.8875032269298,104.57750064538595,129466.94579898781,354.7039610931173,384.84520237502034
1005080001,246 MOTT STREET,C7,6.0,1897,615.1617685022703,522.8875032269298,104.57750064538595,129466.94579898781,354.7039610931173,384.84520237502034
1005080001,246 MOTT STREET,C7,6.0,1897,615.1617685022703,522.8875032269298,104.57750064538595,129466.94579898781,354.7039610931173,384.84520237502034
1005080001,246 MOTT STREET,C7,6.0,1897,615.1617685022703,522.8875032269298,104.57750064538595,129466.94579898781,354.7039610931173,384.84520237502034
1005080035,253 ELIZABETH STREET,C7,6.0,1910,123.0490582202067,104.59169948717569,20.91833989743514,25896.904793024703,70.95042409047863,76.97949082256132
1005080014,274 MOTT STREET,C4,6.0,1925,222.14253358501142,188.8211535472597,37.764230709451944,46752.117618301505,128.08799347479865,138.97236901078313
1005090027,285 MOTT STREET,C7,6.0,1900,423.16573078093074,359.69087116379114,71.93817423275823,89059.4597001547,243.9985197264512,264.73248117655027
1005210026,302 MOTT STREET,C7,6.0,1905,322.14008769754986,273.81907454291735,54.76381490858347,67797.60285682634,185.74685714198998,201.53083886358718
1004430020,67 EAST 2 STREET,C4,6.0,1899,419.65621712044674,356.70778455237974,71.34155691047594,88320.84745516922,241.9749245347102,262.5369294305514
1004570020,21 EAST 2 STREET,C1,6.0,1900,386.68092006725306,328.6787820571651,65.73575641143303,81380.8664373541,222.96127791055918,241.90758359407357
1004580032,32 EAST 2 STREET,C6,6.0,1901,216.93447023286075,184.39429969793164,36.87885993958633,45656.02860520787,125.08500987728185,135.7142045776777
1004430004,26 2 AVENUE,C7,6.0,1900,252.5384182619897,214.65765552269124,42.93153110453825,53149.23550741836,145.61434385594072,157.98803446470077
1004430004,26 2 AVENUE,C7,6.0,1900,252.5384182619897,214.65765552269124,42.93153110453825,53149.23550741836,145.61434385594072,157.98803446470077
1004440008,50 2 AVENUE,CB,6.0,1899,165.13303191041487,140.36307712385263,28.07261542477053,34753.89789586591,95.21615861881072,103.30722476315555
1004440024,70 EAST 3 STREET,C1,6.0,1920,179.94194171238144,152.95065045552423,30.590130091104847,37870.5810527878,103.75501658298028,112.57167873526583
1004440022,66 EAST 3 STREET,C7,6.0,1910,224.6039926009488,190.91339371080647,38.18267874216129,47270.15628279568,129.50727748711145,140.51225777115357
1004440019,60 EAST 3 STREET,C7,6.0,1898,157.1299145868963,133.56042739886183,26.71208547977237,33069.561823958196,90.60153924372109,98.30047456556231
1004440018,58 EAST 3 STREET,C1,6.0,1900,199.28706117848742,169.3940020017143,33.87880040034286,41941.95489562446,114.90946546746427,124.67398547326172
1004440014,50 EAST 3 STREET,C1,6.0,1900,261.42693788843803,222.2128972051723,44.44257944103447,55019.91334800067,150.73948862465937,163.54869234300685
1004590039,21 EAST 3 STREET,C7,6.0,1906,145.82477713775535,123.95106056709204,24.79021211341841,30690.28259641199,84.0829660175671,91.22798057737975
1004590035,53 2 AVENUE,C7,6.0,1897,196.0542936548969,166.64614960666236,33.32922992133248,41261.5866426096,113.04544285646466,122.6515661105035
1004590036,27 EAST 3 STREET,C7,6.0,1898,131.70743188232524,111.95131709997645,22.390263419995293,27719.14611395417,75.94286606562787,82.39616938558268
1004590016,60 EAST 4 STREET,C7,6.0,1891,190.55288021973368,161.96994818677362,32.39398963735473,40103.75917104515,109.87331279738397,119.2098818654654
1004290009,26 1 AVENUE,C7,6.0,1920,237.40958716491457,201.7981490901774,40.35962981803548,49965.22171472792,136.89101839651485,148.52343773037055
1004450042,89 EAST 3 STREET,C1,6.0,1900,164.84930293808233,140.12190749737,28.024381499474,34694.18429634881,95.05255971602413,103.12972391806431
1004450033,57 1 AVENUE,C7,6.0,1900,148.70697956509125,126.40093263032756,25.280186526065513,31296.870919269106,85.74485183361399,93.0310864159211
1004450028,124 EAST 4 STREET,C7,6.0,1910,155.85735836013097,132.47875460611132,26.495750921222267,32801.73964047317,89.86777983691279,97.50436339009794
1004450047,77 EAST 3 STREET,C7,6.0,1900,174.01268670577755,147.91078369991092,29.582156739982185,36622.71004409795,100.33619190163822,108.86233680313444
1004450049,75 EAST 3 STREET,C4,6.0,1900,160.427206014635,136.36312511243975,27.27262502248795,33763.50977784008,92.50276651463037,100.36326008275566
1004450050,73 EAST 3 STREET,C4,6.0,1900,152.57382391214838,129.68775032532614,25.937550065065228,32110.686980550752,87.97448487822123,95.45018423944003
1004450051,71 EAST 3 STREET,C6,6.0,1900,156.95642430045214,133.41296065538432,26.682592131076866,33033.04905827316,90.50150426924152,98.19193904236286
1004460026,336 EAST 5 STREET,C7,6.0,1900,159.1318523860085,135.2620745281072,27.052414905621443,33490.88965315935,91.75586206345027,99.55288685268691
1004450020,108 EAST 4 STREET,C7,6.0,1900,294.5961554645947,250.40673214490548,50.0813464289811,62000.7068790786,169.86495035364,184.29935485865045
1004460011,306 EAST 5 STREET,C1,6.0,1920,289.3640027083138,245.95940230206674,49.19188046041335,60899.548009991726,166.84807673970334,181.02612009432113
1004470036,343 EAST 5 STREET,C4,6.0,1900,240.10441158030062,204.08874984325553,40.81774996865111,50532.37446119007,138.44486153750705,150.20931988463607
1004470036,343 EAST 5 STREET,C4,6.0,1900,240.10441158030062,204.08874984325553,40.81774996865111,50532.37446119007,138.44486153750705,150.20931988463607
1004450009,68 2 AVENUE,C7,6.0,1907,244.6606955620155,207.96159122771317,41.592318245542636,51491.289987981785,141.07202736433365,153.05973114359688
1004470026,340 EAST 6 STREET,C7,6.0,1908,151.35558179543267,128.65224452611776,25.730448905223554,31854.29574466676,87.27204313607332,94.68805197122268
1004460009,302 EAST 5 STREET,C7,6.0,1920,259.70396657610155,220.74837158968631,44.14967431793727,54657.29680560634,149.74601864549683,162.47080149000914
1004470053,309 EAST 5 STREET,C7,6.0,1900,297.778847701675,253.11202054642374,50.62240410928475,62670.53628729452,171.70009941724527,186.29044712216788
1004470001,88 2 AVENUE,C7,6.0,1904,308.57790604120754,262.2912201350264,52.45824402700528,64943.30610543254,177.92686604228092,193.04633801937942
1004470003,92 2 AVENUE,C7,6.0,1904,313.26497816581127,266.2752314409396,53.25504628818792,65929.74730477664,180.62944467062093,195.97857034053152
1004480024,80 EAST 7 STREET,C7,6.0,1852,197.27945210802022,167.68753429181717,33.537506858363436,41519.43349065394,113.75187257713408,123.41802523877743
1004480022,76 EAST 7 STREET,C7,6.0,1852,193.0533755620623,164.09536922775297,32.8190738455506,40630.01342079164,111.31510526244286,120.7741917516262
1004480021,74 EAST 7 STREET,C7,6.0,1897,146.23779448855913,124.30212531527526,24.860425063055054,30777.206228062158,84.32111295359495,91.4863642320426
1004480020,72 EAST 7 STREET,C7,6.0,1897,150.15288688701347,127.62995385396144,25.52599077079229,31601.176574240857,86.57856595682426,93.93564603651562
1004480019,70 EAST 7 STREET,C1,6.0,1897,142.79244087908177,121.3735747472195,24.2747149494439,30052.097107411548,82.33451262304534,89.33095101395355
1004480017,66 EAST 7 STREET,C7,6.0,1897,144.78987425183257,123.07139311405768,24.61427862281154,30472.476935040686,83.48623817819366,90.58054533194647
1004490043,77 EAST 7 STREET,C7,6.0,1899,147.97288366326896,125.77695111377861,25.155390222755724,31142.373095771585,85.3215701254016,92.57183601974106
1004490044,73 EAST 7 STREET,C7,6.0,1897,319.2738365062634,271.3827610303239,54.27655220606478,67194.3716311082,184.09416885235123,199.73771211831837
1004600042,69 2 AVENUE,C7,6.0,1887,151.78090497144026,129.01376922572422,25.802753845144846,31943.80926028932,87.51728564462827,94.95413415013303
1004600037,77 2 AVENUE,C7,6.0,1903,260.4351207042779,221.36985259863621,44.27397051972724,54811.175503422324,150.16760411896527,162.92821151259625
1004600052,69 EAST 4 STREET,C7,6.0,1899,165.55091487114075,140.71827764046964,28.14365552809393,34841.845543780284,95.45711107885009,103.56865234338566
1004600053,67 EAST 4 STREET,C7,6.0,1897,163.43946242343816,138.92354305992242,27.784708611984485,34397.46926163679,94.23964181270354,102.2477276921029
1004600054,65 EAST 4 STREET,C7,6.0,1897,160.25267518817532,136.214773909949,27.242954781989802,33726.778020103375,92.40213156192705,100.25407359772247
1004600048,77 EAST 4 STREET,C7,6.0,1892,167.06582629936568,142.00595235446082,28.401190470892164,35160.6738029645,96.33061315880684,104.51638093288317
1004600049,75 EAST 4 STREET,C7,6.0,1897,152.33771929008662,129.48706139657364,25.89741227931473,32060.996401791635,87.83834630627845,95.3024771878782
1004600050,73 EAST 4 STREET,C7,6.0,1901,160.17436651370238,136.148211536647,27.229642307329403,33710.2971764738,92.35697856568166,100.2050836909722
1004600051,71 EAST 4 STREET,C4,6.0,1899,163.39061408786682,138.8820219746868,27.776404394937362,34387.18864093246,94.21147572858207,102.21716817336949
1004600029,236 EAST 5 STREET,C1,6.0,1912,387.3542364739186,329.2511010028308,65.85022020056617,81522.57260830092,223.34951399534498,242.32881033808349
1004610035,87 2 AVENUE,C7,6.0,1910,400.92486733591085,340.7861372355242,68.15722744710484,84378.6475795158,231.17437693018027,250.81859700534585
1004610037,237 EAST 5 STREET,C7,6.0,1909,181.47123938338927,154.25055347588088,30.850110695176177,38192.43704062811,104.63681380994002,113.52840735824833
1004610046,221 EAST 5 STREET,C1,6.0,1896,165.88925190622567,141.00586412029182,28.201172824058364,34913.05195618425,95.65219714023083,103.78031599253478
1004600059,57 EAST 4 STREET,C4,6.0,1900,172.3893395302865,146.53093860074353,29.306187720148706,36281.0603975441,99.40016547272356,107.84677081014723
1004610053,207 EAST 5 STREET,C1,6.0,1905,176.83924142813285,150.31335521391293,30.062671042782586,37217.586750964845,101.96599109853382,110.63062943743992
1004610030,97 2 AVENUE,C7,6.0,1903,215.02327881344132,182.76978699142512,36.55395739828503,45253.79925907686,123.98301166870374,134.5185632256889
1004610012,208 EAST 6 STREET,C7,6.0,1900,306.5473187357557,260.56522092539234,52.11304418507847,64515.94870112715,176.75602383870452,191.77600260108878
1004490050,63 EAST 7 STREET,C7,6.0,1898,166.74239131875507,141.73103262094182,28.346206524188364,35092.6036769452,96.14411966286356,104.31404000901318
1004490052,59 EAST 7 STREET,C7,6.0,1897,161.8554714026749,137.57715069227368,27.515430138454736,34064.10251140696,93.32630825043003,101.25678290951343
1004490021,64 ST MARKS PLACE,C4,6.0,1900,165.97541312951137,141.07910116008466,28.215820232016934,34931.18544723697,95.70187793763553,103.83421845382232
1004630036,41 EAST 7 STREET,C7,6.0,1903,214.1570136329545,182.0334615880113,36.406692317602264,45071.4850891916,123.48352079230575,133.97662772877632
1004620017,36 EAST 7 STREET,C1,6.0,1900,161.72719322577726,137.46811424191065,27.49362284838213,34037.10508629708,93.25234270218378,101.17653208204624
1004620016,34 EAST 7 STREET,C7,6.0,1900,151.1703915564674,128.49483282299727,25.698966564599456,31815.320606974125,87.16526193691541,94.57219695772599
1004620015,32 EAST 7 STREET,C7,6.0,1900,150.9242401109731,128.28560409432714,25.65712081886543,31763.5155737554,87.02333033905589,94.41820461342478
1004490018,58 ST MARKS PLACE,C7,6.0,1900,150.4896658431597,127.91621596668575,25.583243193337154,31672.055073351396,86.77275362562027,94.14633495148072
1004490004,124 2 AVENUE,C7,6.0,1920,238.55762583952,202.773981963592,40.5547963927184,50206.83793418538,137.55298064160377,149.2416507252037
1004490006,128 2 AVENUE,C7,6.0,1920,208.3269661371716,177.07792121659585,35.415584243319174,43844.493293229134,120.12189943350448,130.32935001541455
1004500047,55 ST MARKS PLACE,C1,6.0,1900,169.9916708431434,144.49292021667188,28.898584043334377,35776.44704564796,98.01766313876153,106.3467892794705
1004630031,127 2 AVENUE,C7,6.0,1900,189.83850352507548,161.36272799631416,32.272545599262834,39953.41145188739,109.46140123804764,118.76296780528722
1004630030,129 2 AVENUE,C7,6.0,1900,188.93532425712382,160.59502561855524,32.11900512371105,39763.32834315428,108.94062559768297,118.19793885525665
1004630028,131 2 AVENUE,C7,6.0,1900,274.3357358625035,233.18537548312796,46.637075096625594,57736.698969622485,158.1827369030753,171.6244363555822
1004630027,34 1/2 ST MARKS PLACE,C7,6.0,1900,127.69724921127685,108.54266182958533,21.708532365917065,26875.163069005328,73.63058375069953,79.8873991065748
1004630024,30 ST MARKS PLACE,C7,6.0,1900,189.06928370549787,160.70889114967318,32.14177822993464,39791.52144865908,109.01786698262761,118.28174388615946
1004500018,328 EAST 9 STREET,C7,6.0,1900,194.37408557445062,165.217972738283,33.0435945476566,40907.970049998876,112.07663027396953,121.6004279353763
1004500016,324 EAST 9 STREET,C7,6.0,1910,203.8265731561828,173.25258718275538,34.65051743655108,42897.340586450235,117.52696051082256,127.51390416650796
1004500014,318 EAST 9 STREET,C7,6.0,1910,157.08496876079073,133.52222344667211,26.704444689334423,33060.10252539602,90.57562335724937,98.27235645675069
1004500012,314 EAST 9 STREET,C7,6.0,1910,160.3742685033001,136.3181282278051,27.26362564556102,33752.36854920454,92.47224260056039,100.33014237566455
1004500011,312 EAST 9 STREET,C7,6.0,1910,147.5384816018388,125.40770936156298,25.0815418723126,31050.948837923,85.07109270663835,92.30007409011036
1004630021,24 ST MARKS PLACE,C7,6.0,1900,176.18913997199243,149.76076897619356,29.952153795238715,37080.766398505526,101.59114081782336,110.22392596647848
1004500001,132 2 AVENUE,C7,6.0,1900,158.3817716399643,134.62450589396965,26.92490117879393,33333.02765934689,91.32336345026545,99.08363633796166
1004640036,139 2 AVENUE,C7,6.0,1900,197.2136246094777,167.63158091805604,33.52631618361121,41505.579435310676,113.71391626112514,123.37684355568925
1004640034,141 2 AVENUE,C7,6.0,1900,262.8692022456631,223.4388219088136,44.68776438176272,55323.452304622246,151.57110220444451,164.4509729248868
1004640033,240 EAST 9 STREET,C7,6.0,1900,129.7091859750627,110.25280807880328,22.050561615760657,27298.595280311692,74.79067200085395,81.14606674599922
1004790009,196 MOTT STREET,C7,6.0,1900,312.8209862277693,265.8978382936039,53.179567658720785,65836.30476149633,180.37343770272966,195.70080898409248
1004790018,20 SPRING STREET,C7,6.0,1900,177.52642587834828,150.89746199659604,30.17949239931921,37362.21159035718,102.36222353522516,111.06053202949468
1004790014,26 SPRING STREET,C7,6.0,1900,332.72758630140595,282.81844835619506,56.56368967123902,70025.8478129939,191.8516378438189,208.1543779901596
1004800004,184 MULBERRY STREET,C7,6.0,1900,350.6888173082109,298.08549471197927,59.617098942395856,73805.96849068606,202.2081328511947,219.39092410801675
1004800029,193 MOTT STREET,C7,6.0,1900,309.22651796576616,262.8425402709012,52.56850805418025,65079.812971075145,178.3008574550004,193.4521096393833
1004920044,11 SPRING STREET,C0,6.0,1895,197.3499969217002,167.74749738344516,33.549499476689036,41534.280352141024,113.79254890997541,123.46215807421564
1004920004,196 ELIZABETH STREET,C7,6.0,1900,169.73786771803358,144.27718756032854,28.85543751206571,35723.03163993735,97.87131956147219,106.18801004440182
1004920005,198 ELIZABETH STREET,C7,6.0,1900,239.64356967835408,203.69703422660098,40.7394068453202,50435.385674506404,138.1791388342641,149.92101719077831
1004940033,213 MOTT STREET,C6,6.0,1900,147.73819412728545,125.57746500819263,25.115493001638526,31092.980336028497,85.18624749596849,92.42501424602978
1004940032,215 MOTT STREET,C6,6.0,1900,136.09599713900306,115.6815975681526,23.13631951363052,28642.763557874587,78.47332481609476,85.14165581016032
1004950042,213 MULBERRY STREET,C7,6.0,1910,129.76563610212185,110.30079068680357,22.060158137360716,27310.475774052567,74.82322129877416,81.18138194548743
1004950040,217 MULBERRY STREET,C7,6.0,1900,109.82991208986267,93.35542527638327,18.671085055276656,23114.8032984325,63.32822821488356,68.70959300341809
1004950038,219 MULBERRY STREET,C7,6.0,1890,189.67423799665931,161.2231022971604,32.244620459432085,39918.84012877692,109.36668528432034,118.66020329071007
1004950031,239 MULBERRY STREET,C7,6.0,1910,183.73457340182176,156.1743873915485,31.2348774783097,38668.77831814741,105.94185840588331,114.9443491201797
1004950031,239 MULBERRY STREET,C7,6.0,1910,183.73457340182176,156.1743873915485,31.2348774783097,38668.77831814741,105.94185840588331,114.9443491201797
1004950030,241 MULBERRY STREET,C7,6.0,1900,180.82866906229023,153.70436870294668,30.740873740589336,38057.2016908496,104.26630600232767,113.12641536536876
1004940009,240 MULBERRY STREET,C7,6.0,1901,164.5412409552579,139.8600548119692,27.972010962393842,34629.34957144358,94.87493033272213,102.93700034160935
1004940010,242 MULBERRY STREET,C4,6.0,1905,183.42168782469457,155.9084346509904,31.18168693019808,38602.92841958522,105.76144772489103,114.74860790312891
1004730130,37B CROSBY STREET,C6,6.0,1900,124.83894181950286,106.11310054657743,21.222620109315486,26273.60369533257,71.98247587762349,78.09924200228099
1004820025,222 LAFAYETTE STREET,C7,6.0,1900,237.60735485413895,201.9662516260181,40.393250325203624,50006.843902602086,137.00505178795092,148.64716119674935
1004820024,224 LAFAYETTE STREET,C7,6.0,1900,109.52693785499122,93.09789717674253,18.61957943534851,23051.039340961455,63.15353244099029,68.5200523220825
1004940014,46 PRINCE STREET,C7,6.0,1900,156.93629042544265,133.39584686162624,26.679169372325248,33028.811682938656,90.48989502174975,98.17934329015691
1004950011,255 LAFAYETTE STREET,C7,6.0,1926,1139.832430374717,968.8575658185094,193.7715131637019,239889.13329666297,657.2305021826382,713.079168442423
1005100026,49 PRINCE STREET,C7,6.0,1915,232.29129113058627,197.44759746099834,39.48951949219967,48888.02513134319,133.9397948803923,145.32143173129478
1005090014,280 MULBERRY STREET,C7,6.0,1920,211.2642859067262,179.57464302071728,35.914928604143455,44462.6816119296,121.8155660600811,132.16693726324792
1003790037,133 AVENUE D,C7,6.0,1930,211.31008646437536,179.61357349471905,35.922714698943814,44472.32079729244,121.84197478710259,132.19559009211324
1003900042,219 EAST 7 STREET,C6,6.0,1910,256.02662792894665,217.62263373960465,43.52452674792093,53883.36411392611,147.62565510664686,160.17025843234902
1003780004,134 AVENUE C,C7,6.0,1900,375.49009942917553,319.1665845147992,63.83331690295984,79025.64632586428,216.50862007086104,234.9066062028922
1003890019,202 EAST 7 STREET,C7,6.0,1910,145.2626221725094,123.47322884663298,24.6946457693266,30571.97146242633,83.75882592445569,90.87629643112189
1003890018,200 EAST 7 STREET,C1,6.0,1910,150.82148584136584,128.19826296516095,25.639652593032192,31741.889910173853,86.96408194568178,94.35392154235846
1003890017,198 EAST 7 STREET,C6,6.0,1930,154.85199312394073,131.6241941553496,26.324838831069926,32590.150472864567,89.28808348730018,96.87540689833732
1003900050,209 EAST 7 STREET,C6,6.0,1900,276.35443151365405,234.90126678660593,46.98025335732119,58161.553656363634,159.34672234620174,172.88733235494198
1003780009,140 AVENUE C,C7,6.0,1920,248.03877972772383,210.83296276856527,42.16659255371306,52202.24158149677,143.0198399493062,155.17306059766406
1003790057,713 EAST 9 STREET,C4,6.0,1900,241.08858584603374,204.92529796912868,40.98505959382574,50739.503777156264,139.01233911549662,150.82501930527872
1003780004,134 AVENUE C,C7,6.0,1900,375.49009942917553,319.1665845147992,63.83331690295984,79025.64632586428,216.50862007086104,234.9066062028922
1003900009,304 EAST 8 STREET,C6,6.0,1900,300.1016414885281,255.08639526524888,51.017279053049776,63159.391467675625,173.03942867856335,187.74358691522318
1003900009,304 EAST 8 STREET,C6,6.0,1900,300.1016414885281,255.08639526524888,51.017279053049776,63159.391467675625,173.03942867856335,187.74358691522318
1003790017,416 EAST 10 STREET,C6,6.0,1900,258.4249504760571,219.66120790464853,43.93224158092971,54388.11507719098,149.00853445805748,161.67064901782135
1003790015,412 EAST 10 STREET,C6,6.0,1930,222.71288228656596,189.30594994358106,37.86118998871621,46872.15320603067,128.41685809871416,139.32917915847565
1003790012,406 EAST 10 STREET,C6,6.0,1930,215.82341950912965,183.4499065827602,36.68998131655204,45422.19686989143,124.44437498600391,135.0191312449115
1003910048,323 EAST 8 STREET,C6,6.0,1910,177.89002668311895,151.2065226806511,30.24130453613022,37438.73501572921,102.5718767554225,111.2880006929592
1003920037,145 AVENUE C,C7,6.0,1900,298.04829129353675,253.34104759950623,50.66820951990125,62727.24338563775,171.85546133051437,186.4590110332366
1003920036,149 AVENUE C,C6,6.0,1900,117.47134763433564,99.8506454891853,19.97012909783706,24723.01982312228,67.73430088526652,73.49007508004038
1004010047,533 EAST 5 STREET,C4,6.0,1900,155.48111791054083,132.1589502239597,26.43179004479194,32722.55607545242,89.65083856288334,97.26898736483433
1004010030,540 EAST 6 STREET,C4,6.0,1920,166.6985268813931,141.69374784918412,28.338749569836825,35083.37196745799,96.11882730810409,104.28659841699951
1004010056,515 EAST 5 STREET,C4,6.0,1920,118.36191167319416,100.60762492221504,20.12152498444301,24910.447930740447,68.24780254997383,74.04721194275027
1003890007,105 AVENUE B,C7,6.0,1900,176.73014975904687,150.22062729518984,30.04412545903797,37194.62731828901,101.90308854325755,110.56238168925972
1004020039,102 AVENUE B,C6,6.0,1900,111.50338247540928,94.77787510409789,18.955575020819577,23467.001875774637,64.2931558240401,69.75651607661604
1003890009,184 EAST 7 STREET,C6,6.0,1900,254.06799326177912,215.95779427251225,43.19155885450245,53471.14986187404,146.49630099143573,158.94493658456904
1004350030,125 AVENUE A,C7,6.0,1920,153.88663549218782,130.80364016835964,26.16072803367193,32386.981305685847,88.73145563201602,96.2714791639127
1004020032,178 EAST 7 STREET,C7,6.0,1900,159.62839985116884,135.6841398734935,27.136827974698704,33595.393032677,92.04217269226575,99.86352694689123
1004360034,131 AVENUE A,C7,6.0,1920,364.4693539280095,309.7989508388081,61.95979016776162,76706.22022768889,210.15402802106544,228.01202781736276
1004360036,121 ST MARKS PLACE,C7,6.0,1907,325.44434733942353,276.62769523851,55.325539047702,68493.01734105508,187.6521023042605,203.59798369554335
1004360037,119 ST MARKS PLACE,C7,6.0,1910,203.44938323574442,172.93197575038275,34.58639515007655,42817.95719579477,117.30947176930074,127.27793415228169
1004360039,115 ST MARKS PLACE,C7,6.0,1900,201.4823843637755,171.26002670920917,34.25200534184184,42403.98261320019,116.17529483068546,126.04737965797796
1003910055,309 EAST 8 STREET,C4,6.0,1900,145.88447850812335,124.00180673190485,24.80036134638097,30702.847346819643,84.11738999128669,91.26532975468197
1003910056,307 EAST 8 STREET,C6,6.0,1900,157.52936752614067,133.89996239721958,26.77999247944392,33153.63068955157,90.83186490288102,98.55037232435362
1003910057,303 EAST 8 STREET,C6,6.0,1900,278.423795004286,236.66022575364306,47.33204515072862,58597.07189660203,160.53992300438912,174.18192615468132
1003910059,299 EAST 8 STREET,C1,6.0,1900,291.84905548712874,248.07169716405943,49.61433943281189,61422.55221782112,168.28096498033182,182.58076911274773
1003920041,643 EAST 9 STREET,C4,6.0,1900,131.52649497998107,111.7975207329839,22.35950414659678,27681.066133486813,75.83853735201866,82.28297525947615
1003920045,635 EAST 9 STREET,C4,6.0,1900,184.03250329675325,156.42762780224027,31.285525560448054,38731.48064383469,106.1136455995471,115.13073406244882
1003920027,384 EAST 10 STREET,C4,6.0,1900,657.6801402858623,559.0281192429829,111.8056238485966,138415.3623245626,379.2201707522263,411.44469576283547
1003920048,627 EAST 9 STREET,C1,6.0,1900,620.6842561519134,527.5816177291264,105.51632354582529,130629.2085497317,357.88824260200465,388.3000706486371
1003920022,374 EAST 10 STREET,C4,6.0,1900,290.00432811542373,246.50367889811017,49.30073577962204,61034.310895172086,167.21729012375914,181.4267076690091
1003910012,610 EAST 9 STREET,C1,6.0,1910,183.96440609829196,156.36974518354816,31.273949036709634,38717.14890744653,106.07438056834665,115.08813245509145
1003910003,131 AVENUE B,C6,6.0,1940,333.8650078233426,283.7852566498412,56.75705132996824,70265.22954650069,192.50747820959094,208.86594889428312
1003910011,608 EAST 9 STREET,C4,6.0,1910,172.8794035391032,146.94749300823773,29.389498601647546,36384.199268839664,99.6827377228484,108.15335485406297
1003930047,377 EAST 10 STREET,C4,6.0,1900,153.3666584216474,130.3616596584003,26.07233193168006,32277.546931419914,88.43163542854771,95.94618150858263
1003930051,367 EAST 10 STREET,C6,6.0,1900,252.3742425251019,214.5181061463366,42.90362122926732,53114.68308183295,145.51967967625464,157.88532612370375
1003930023,632 EAST 11 STREET,C7,6.0,1900,292.78248595808833,248.86511306437507,49.77302261287502,61619.00199473927,168.8191835472309,183.16472321538006
1003930018,622 EAST 11 STREET,C1,6.0,1900,156.9476865771226,133.4055335905542,26.68110671811084,33031.21011702122,90.49646607403074,98.18647272264789
1003930016,620 EAST 11 STREET,C4,6.0,1900,163.45109306946583,138.93342910904596,27.786685821809193,34399.91704739978,94.24634807506789,102.25500382425783
1004350025,122 ST MARKS PLACE,C7,6.0,1920,219.65749604171555,186.70887163545822,37.34177432709165,46229.116616939464,126.65511401901223,137.41772952369726
1004350019,110 ST MARKS PLACE,C7,6.0,1920,239.08577301744307,203.22290706482661,40.64458141296532,50317.99178925107,137.8575117513728,149.5720595997124
1004360042,109 ST MARKS PLACE,C7,6.0,1920,164.52176778908805,139.84350262072485,27.96870052414497,34625.25124889147,94.86370205175746,102.92481792885349
1004360009,406 EAST 9 STREET,C7,6.0,1929,179.66880614176523,152.71848522050044,30.54369704410009,37813.09694059591,103.59752586464633,112.40080512228832
1003940053,631 EAST 11 STREET,C4,6.0,1910,226.61162934705268,192.61988494499477,38.52397698899895,47692.6835123807,130.6648863352896,141.76823531951615
1003940050,635 EAST 11 STREET,C4,6.0,1900,173.26791110831053,147.27772444206394,29.45554488841279,36465.96457185503,99.90675225165762,108.39640518935906
1003940052,633 EAST 11 STREET,C6,6.0,1937,179.14011763088826,152.26909998625501,30.453819997251003,37701.829156596745,103.292682620813,112.07005758988369
1004040021,534 EAST 11 STREET,C6,6.0,1920,253.05820344377267,215.09947292720676,43.01989458544136,53258.6294967764,145.91405341582575,158.3132120744242
1004040018,528 EAST 11 STREET,C7,6.0,1900,365.09437279698386,310.33021687743627,62.066043375487254,76837.76169885322,210.5144156132965,228.4030396217931
1003950001,195 AVENUE B,C7,6.0,1910,340.35181694794477,289.299044405753,57.859808881150606,71630.44339486444,196.24779012291629,212.92409668263423
1003950003,199 AVENUE B,C7,6.0,1910,433.43205978941023,368.4172508209987,73.68345016419974,91220.11130327928,249.91811315966925,271.155096604255
1004050046,533 EAST 11 STREET,C4,6.0,1920,173.70491638038865,147.64917892333034,29.52983578466607,36557.93670141659,100.15873068881258,108.66979568757114
1004370133,445 EAST 9 STREET,C7,6.0,1900,67.1542057976078,57.08107492796663,11.416214985593328,14133.27415216454,38.721299047026136,42.011671146983446
1004040016,522 EAST 11 STREET,C4,6.0,1900,217.99447404540828,185.29530293859705,37.05906058771941,45879.11700759663,125.6962109797168,136.37734296280743
1004040014,520 EAST 11 STREET,C7,6.0,1900,215.22842102561748,182.94415787177485,36.58883157435497,45296.97348905145,124.10129723027795,134.6469001936263
1004040013,518 EAST 11 STREET,C6,6.0,1900,156.50084517239125,133.02571839653257,26.605143679306515,32937.16787498147,90.23881609583964,97.90692873984797
1004040012,516 EAST 11 STREET,C7,6.0,1900,158.17700746201308,134.4504563427111,26.89009126854222,33289.93299045527,91.20529586426102,98.95553586823537
1004370021,280 EAST 10 STREET,C7,6.0,1900,300.18480168246776,255.1570814300976,51.03141628601952,63176.89336209217,173.0873790742251,187.79561193255185
1004380028,171 AVENUE A,C7,6.0,1900,164.98593013860383,140.23804061781325,28.047608123562654,34722.93885697056,95.13133933416593,103.21519789471057
1004380027,173 AVENUE A,C7,6.0,1920,221.55863111808534,188.32483645037254,37.66496729007451,46629.22950511224,127.75131371263627,138.60707962747418
1004380050,255 EAST 10 STREET,C4,6.0,1900,162.31167198582148,137.96492118794825,27.59298423758965,34160.114486135986,93.58935475653695,101.54218199432991
1004500028,348 EAST 9 STREET,C7,6.0,1900,157.29570033246387,133.70134528259427,26.740269056518855,33104.45309197034,90.69713175882285,98.40419012798938
1004370005,156 1 AVENUE,C7,6.0,1900,163.87577272693656,139.29440681789606,27.858881363579215,34489.295128111065,94.49121952907142,102.52068341797151
1004370006,158 1 AVENUE,C7,6.0,1920,112.19791984314857,95.36823186667628,19.073646373335258,23613.17421018905,64.69362797312068,70.19101865387374
1004510032,159 1 AVENUE,C7,6.0,1900,233.98781434853888,198.88964219625805,39.77792843925161,49245.07540779349,134.91801481587257,146.3827766564459
1004510044,335 EAST 9 STREET,C7,6.0,1900,133.84542194265103,113.76860865125337,22.753721730250675,28169.107502050334,77.17563699191872,83.73369596732249
1004510046,331 EAST 9 STREET,C7,6.0,1900,143.6273490617216,122.08324670246334,24.41664934049267,30227.811883529925,82.81592296857514,89.85326957301302
1004510045,333 EAST 9 STREET,CB,6.0,1900,205.5218365320959,174.69356105228152,34.93871221045631,43254.12571654491,118.50445401793127,128.57446093447922
1004510054,315 EAST 9 STREET,C7,6.0,1900,152.8496097368926,129.92216827635872,25.984433655271744,32168.728865226418,88.13350374034636,95.62271585140002
1004510056,311 EAST 9 STREET,C1,6.0,1900,104.33086427580159,88.68123463443135,17.73624692688627,21957.4736954852,60.15746217941151,65.26938869094147
1004510023,224 EAST 10 STREET,C7,6.0,1900,147.17407153635494,125.09796080590169,25.01959216118034,30974.255095541263,84.86097286449662,92.07209915314365
1004510021,220 EAST 10 STREET,C6,6.0,1900,150.47348811075508,127.90246489414181,25.580492978828364,31668.650307789514,86.76342550079319,94.13621416208838
1004510019,216 EAST 10 STREET,C7,6.0,1900,288.0765608303362,244.86507670578575,48.97301534115715,60628.592992352555,166.10573422562345,180.22069645545832
1004510018,214 EAST 10 STREET,C7,6.0,1900,154.71718468461512,131.50960698192284,26.30192139638457,32561.778688724098,89.21035257184684,96.79107073869523
1004520046,223 EAST 10 STREET,C7,6.0,1900,154.43515865537717,131.2698848570706,26.25397697141412,32502.42349061068,89.0477355907142,96.61463525480396
1003950003,199 AVENUE B,C7,6.0,1910,433.43205978941023,368.4172508209987,73.68345016419974,91220.11130327928,249.91811315966925,271.155096604255
1004040004,170 AVENUE A,C7,6.0,1920,209.02575004081433,177.6718875346922,35.53437750693844,43991.559353589786,120.52482014682133,130.76650922553344
1004060050,527 EAST 12 STREET,C6,6.0,1901,339.98584887865115,288.9879715468535,57.7975943093707,71553.42175500093,196.0367719315094,212.69514705848417
1004060050,527 EAST 12 STREET,C6,6.0,1901,339.98584887865115,288.9879715468535,57.7975943093707,71553.42175500093,196.0367719315094,212.69514705848417
1004060027,544 EAST 13 STREET,C4,6.0,1900,166.45231748554065,141.48446986270955,28.29689397254191,35031.55473800688,95.97686229590927,104.13256981895422
1004060021,530 EAST 13 STREET,C7,6.0,1900,321.650924751857,273.40328603907847,54.6806572078157,67694.65362327584,185.46480444733106,201.22481852476176
1004070040,541 EAST 13 STREET,C4,6.0,1900,168.40878652738544,143.14746854827763,28.629493709655527,35443.31321255354,97.10496770562614,105.35653685153234
1004070032,224 AVENUE B,C7,6.0,1905,248.0655386770161,210.85570787546368,42.17114157509274,52207.87326996481,143.0352692327803,155.1898009963413
1004060011,510 EAST 13 STREET,C7,6.0,1900,245.71250277582115,208.85562735944796,41.7711254718896,51712.65333419932,141.67850228547758,153.71774173655373
1004060009,506 EAST 13 STREET,C7,6.0,1900,241.2774360394753,205.085820633554,41.0171641267108,50779.24918886797,139.1212306544328,150.94316398629573
1004370007,160 1 AVENUE,C7,6.0,1900,166.16216494948188,141.2378402070596,28.247568041411924,34970.48923526796,95.80955954867935,103.95105039239589
1004050012,508 EAST 12 STREET,C7,6.0,1930,239.16871760775598,203.29340996659258,40.65868199331852,50335.44830772832,137.90533782939266,149.62394973541214
1004050010,504 EAST 12 STREET,C7,6.0,1930,239.55705929584656,203.62350040146956,40.724700080293914,50417.17869940386,138.12925671069553,149.8668962954816
1004380023,430 EAST 11 STREET,C7,6.0,1910,143.6217657297057,122.07850087024983,24.415700174049967,30226.63681547386,82.81270360403798,89.84977664050388
1004060004,200 AVENUE A,C4,6.0,1910,199.8752694665804,169.89397904659333,33.97879580931867,42065.74921193651,115.24862797790826,125.04196857829271
1004400038,195 AVENUE A,C7,6.0,1910,383.8427442502557,326.26633261271735,65.25326652254347,80783.54395490882,221.3247779586543,240.13202080295997
1004400040,437 EAST 12 STREET,C7,6.0,1910,304.4552071449273,258.78692607318817,51.75738521463764,64075.642895721394,175.54970656362025,190.4671775898665
1004400033,205 AVENUE A,C7,6.0,1900,171.15841207352443,145.48465026249576,29.096930052499154,36021.999404993956,98.69040932875056,107.0767025931969
1004400030,444 EAST 13 STREET,C7,6.0,1900,159.39515528700164,135.48588199395138,27.09717639879028,33546.304381702364,91.90768323754072,99.71760914754822
1004400050,419 EAST 12 STREET,C4,6.0,1900,166.22550219698152,141.2916768674343,28.258335373486858,34983.81919237673,95.84607997911432,103.99067417443165
1004400051,417 EAST 12 STREET,C1,6.0,1920,163.95475898661508,139.3615451386228,27.87230902772456,34505.918576323005,94.53676322280275,102.57009722202639
1004400052,415 EAST 12 STREET,C6,6.0,1900,151.1674740119477,128.49235291015555,25.69847058203111,31814.706580554513,87.16357967275209,94.57037174187448
1004400053,413 EAST 12 STREET,C7,6.0,1920,152.05003616939567,129.24253074398632,25.848506148797266,32000.450612211014,87.6724674307151,95.12250262757394
1004400021,424 EAST 13 STREET,C4,6.0,1900,245.65162046916848,208.8038773987932,41.76077547975864,51699.8400439412,141.64339738066082,153.6796537655118
1004400019,420 EAST 13 STREET,C4,6.0,1900,241.81310826407287,205.54114202446192,41.10822840489239,50891.98676525678,139.4301007267309,151.27828053000397
1004400018,416 EAST 13 STREET,C4,6.0,1900,237.38334180235663,201.77584053200312,40.355168106400626,49959.69811572397,136.87588524855883,148.5070186315543
1004400014,410 EAST 13 STREET,C4,6.0,1900,258.6596114247186,219.86066971101081,43.97213394220216,54437.501820446276,149.1438406039624,161.81745290730396
1004520047,221 EAST 10 STREET,C7,6.0,1900,157.12196429861095,133.5536696538193,26.710733930763862,33067.88860628566,90.59695508571414,98.29550086521101
1004520048,219 EAST 10 STREET,C7,6.0,1900,154.9619554528754,131.71766213494408,26.343532426988816,32613.293144612155,89.35148806743057,96.94419933131884
1004520050,215 EAST 10 STREET,C7,6.0,1900,160.1642298239796,136.13959535038268,27.22791907007654,33708.163808754754,92.35113372261577,100.19874217788166
1004520052,211 EAST 10 STREET,C1,6.0,1900,168.04442291895927,142.83775948111537,28.567551896223076,35366.62924752417,96.89487465075115,105.12859097810093
1004520017,318 EAST 11 STREET,C7,6.0,1900,144.4974440667862,122.82282745676825,24.56456549135365,30410.93207829582,83.31762213231731,90.39760100818143
1004540047,345 EAST 12 STREET,C7,6.0,1920,320.37465868739616,272.3184598842867,54.46369197685735,67426.0506673494,184.72890593794355,200.42638647483503
1004540050,339 EAST 12 STREET,C1,6.0,1900,322.36612239974033,274.0112040397793,54.802240807955855,67845.17412024934,185.87718937054615,201.67224617327756
1004540056,329 EAST 12 STREET,C1,6.0,1900,185.22073084737033,157.4376212202648,31.48752424405296,38981.555014137564,106.79878086065087,115.87408921811489
1004520021,326 EAST 11 STREET,C4,6.0,1900,159.46880052355627,135.54848044502282,27.109696089004565,33561.80375818765,91.95014728270588,99.7636816075368
1004520019,322 EAST 11 STREET,C6,6.0,1900,149.5444819509041,127.11280965826847,25.422561931653696,31473.131671387277,86.22775800380076,93.5550279084856
1004510014,206 EAST 10 STREET,C4,6.0,1900,164.4034151482588,139.74290287601997,27.948580575203994,34600.342752102544,94.79545959480149,102.8507765167507
1004540059,323 EAST 12 STREET,C4,6.0,1900,268.6003315916509,228.31028185290324,45.66205637058065,56529.625786778844,154.87568708706533,168.0363674437368
1004540060,321 EAST 12 STREET,C6,6.0,1920,320.55407880883075,272.47096698750613,54.49419339750123,67463.81142610652,184.8323600715247,200.5386317028045
1004540063,315 EAST 12 STREET,C6,6.0,1900,310.39929790920274,263.83940322282234,52.76788064456447,65326.636237970815,178.97708558348168,194.18580077199726
1004530008,188 2 AVENUE,C7,6.0,1920,329.85426232904814,280.37612297969093,56.07522459593819,69421.12804977148,190.19487136923692,206.3568265130525
1004540057,327 EAST 12 STREET,C7,6.0,1900,180.25608953541212,153.21767610510028,30.64353522102006,37936.69660362283,103.93615507841872,112.76820961335382
1004540032,346 EAST 13 STREET,C1,6.0,1920,258.04941865840465,219.34200585964393,43.86840117192879,54309.08065084784,148.79200178314477,161.43571631269793
1004540024,334 EAST 13 STREET,C7,6.0,1900,291.3241668820099,247.62554184970838,49.52510836994168,61312.0841619878,167.9783127725693,182.25239880138537
1004680027,236 EAST 13 STREET,C7,6.0,1900,793.5664578785999,674.5314891968098,134.90629783936197,167013.99672513013,457.5725937674798,496.455176048852
1004540004,198 2 AVENUE,C7,6.0,1920,357.3178286741557,303.72015437303236,60.74403087460647,75201.11022276281,206.03043896647347,223.53803361855182
1004640046,27 ST MARKS PLACE,C7,6.0,1900,193.3022489704253,164.3069116248615,32.861382324972304,40682.39131831571,111.4586063515499,120.92988695589807
1004640051,17 ST MARKS PLACE,C7,6.0,1900,194.69835292639215,165.49359998743333,33.09871999748667,40976.2153568885,112.26360371750273,121.80328959075094
1004650057,233 EAST 9 STREET,C1,6.0,1900,175.71425846389215,149.35711969430832,29.871423938861668,36980.82283631074,101.3173228392075,109.92684009501093
1004650050,151 2 AVENUE,C7,6.0,1900,328.99354924748746,279.6445168603643,55.92890337207287,69239.98237462621,189.69858184829098,205.81836440922814
1004660021,224 EAST 11 STREET,C6,6.0,1910,240.87989981317747,204.74791484120084,40.94958296824017,50695.583714681336,138.89201017720913,150.6944653231238
1004660018,218 EAST 11 STREET,C1,6.0,1920,241.20248846397257,205.02211519437668,41.00442303887534,50763.47572212767,139.0780156770621,150.89627678306124
1004670047,229 EAST 11 STREET,C7,6.0,1900,161.9047276204884,137.61901847741512,27.523803695483025,34074.468975007985,93.35470952056983,101.28759759937753
1004680045,233 EAST 12 STREET,C5,6.0,1930,161.13006964054486,136.96055919446312,27.392111838892625,33911.43445654907,92.90803960698375,100.80297156712486
1004610009,202 EAST 6 STREET,C7,6.0,1930,203.8060723343635,173.235161484209,34.6470322968418,42893.02598349015,117.51513968079493,127.50107885237782
1005560015,85 EAST 10 STREET,C4,6.0,1900,739.4856241160486,628.5627804986412,125.71255609972826,155632.1444514636,426.3894368533249,462.62220644700005
1005560052,126 EAST 12 STREET,C6,6.0,1900,375.02314370360386,318.76967214806325,63.753934429612656,78927.37082386047,216.23937212016568,234.61447870097456
1005580048,111 EAST 12 STREET,C7,6.0,1900,171.65578555886796,145.90741772503776,29.181483545007552,36126.676628719346,98.9771962430667,107.38785944562778
1004680027,236 EAST 13 STREET,C7,6.0,1900,793.5664578785999,674.5314891968098,134.90629783936197,167013.99672513013,457.5725937674798,496.455176048852
1004680027,236 EAST 13 STREET,C7,6.0,1900,793.5664578785999,674.5314891968098,134.90629783936197,167013.99672513013,457.5725937674798,496.455176048852
1004680024,228 EAST 13 STREET,C6,6.0,1900,193.94534085159464,164.85353972385545,32.97070794477109,40817.73643562661,111.8294148921277,121.33220523675762
1004680023,226 EAST 13 STREET,C4,6.0,1930,202.95387043889613,172.5107898730617,34.50215797461234,42713.67157257008,117.0237577330687,126.9679413465734
1004680021,224 EAST 13 STREET,C7,6.0,1920,193.53783785506087,164.50716217680173,32.90143243536035,40731.973354976115,111.59444754787977,121.07727136212607
1004690046,235 EAST 13 STREET,C4,6.0,1920,221.0755938080798,187.9142547368678,37.582850947373565,46527.569472848474,127.4727930762972,138.30489148633472
1004690047,231 EAST 13 STREET,C4,6.0,1920,283.8009908490584,241.23084222169962,48.24616844433993,59728.756534092834,163.64042886052832,177.54589987517093
1004690014,212 EAST 14 STREET,CB,6.0,1920,151.9200212235456,129.13201804001375,25.82640360800275,31973.087666707404,87.59750045673262,95.04116527745012
1005590043,139 EAST 13 STREET,C4,6.0,1900,152.1111533546417,129.29448035144543,25.858896070289088,32013.31333501789,87.70770776717231,95.16073753866385
1004400003,202 1 AVENUE,C7,6.0,1905,246.11586515176202,209.1984853789977,41.83969707579954,51797.54497983983,141.9110821365475,153.97008523894232
1004400007,210 1 AVENUE,C7,6.0,1912,200.85483931649537,170.72661341902105,34.14532268380421,42271.909482549614,115.81345063712223,125.65478747639948
1004400024,432 EAST 13 STREET,C7,6.0,1900,299.1323618275218,254.2625075533935,50.85250151067871,62955.39687022024,172.4805393704664,187.13720555929763
1004410035,211 AVENUE A,C7,6.0,1900,339.68004554981826,288.7280387173455,57.7456077434691,71489.06238641475,195.86044489428699,212.5038364959663
1004410031,221 AVENUE A,C7,6.0,1900,163.36017127526898,138.85614558397864,27.77122911679573,34380.78164659312,94.1939223194332,102.19812314980828
1004550042,219 1 AVENUE,C7,6.0,1910,115.15899231898497,97.88514347113723,19.577028694227447,24236.36152345358,66.40099047521528,72.04346559475701
1004400008,214 1 AVENUE,C7,6.0,1910,276.76110713770237,235.246941067047,47.0493882134094,58247.14260820084,159.58121262520777,173.1417486253466
1004550050,329 EAST 13 STREET,C1,6.0,1910,285.09750327309433,242.33287778213017,48.46657555642604,60001.62053885543,164.38800147631625,178.3569980476478
1004550021,328 EAST 14 STREET,C7,6.0,1900,267.1167657534736,227.04925089045256,45.409850178090515,56217.39452047606,154.0202589602084,167.1082486553731
1004070031,228 AVENUE B,C7,6.0,1900,183.30987199129507,155.81339119260082,31.162678238520165,38579.39565928796,105.69697440900812,114.6786559177542
1004070029,232 AVENUE B,C7,6.0,1900,294.1544853002304,250.03131250519584,50.006262501039174,61907.752976286494,169.6102821268123,184.02304600382416
1004070027,538 EAST 14 STREET,C7,6.0,1920,171.598016445103,145.85831397833755,29.171662795667512,36114.51854103638,98.9438864137983,107.35171908805644
1004070054,513 EAST 13 STREET,C7,6.0,1900,233.28441570952953,198.2917533531001,39.658350670620024,49097.03813022759,134.51243323350025,145.9427304678817
1004070018,520 EAST 14 STREET,C7,6.0,1900,329.88315565246864,280.4006823045983,56.08013646091967,69427.20893861855,190.21153133868097,206.37490217618438
1004690040,245 EAST 13 STREET,C7,6.0,1920,256.2970573008565,217.85249870572804,43.57049974114561,53940.27867953826,147.7815854233925,160.33943904741585
1004690042,243 EAST 13 STREET,C7,6.0,1920,206.22714957140155,175.2930771356913,35.058615427138264,43402.56589879717,118.91113944875937,129.01570477186883
1004690043,241 EAST 13 STREET,C1,6.0,1900,159.34207786690882,135.4407661868725,27.088153237374502,33535.13370786963,91.87707865169762,99.68440391353818
1004690044,239 EAST 13 STREET,C4,6.0,1920,224.98999054371137,191.24149196215467,38.24829839243093,47351.39340982949,129.72984495843696,140.75373808414582
1004690027,238 EAST 14 STREET,C7,6.0,1920,300.29401990387476,255.24991691829354,51.04998338365871,63199.879428969485,173.1503545999164,187.86393885186408
1004690023,230 EAST 14 STREET,C7,6.0,1920,296.8986148064187,252.3638225854559,50.47276451709118,62485.28247215888,171.19255471824349,185.73977342289552
1004690021,226 EAST 14 STREET,C7,6.0,1920,296.7745669451516,252.25838190337885,50.45167638067577,62459.1753592766,171.12102838157975,185.66216908088683
