bbl,address,bldgclass,pv_kw_dc,annual_kwh,avg_daily_kwh,psh_daily_kwh,canopy_area_m2,lat,lon
1002830072,162 EAST BROADWAY,C7,17.504764618927695,21670.898598232485,59.37232492666434,64.41753379765392,87.52382309463847,40.714207751234376,-73.99039964163273
1002820054,94 EAST BROADWAY,C7,22.433350207192802,27772.48755650469,76.08900700412244,82.55472876246951,112.16675103596401,40.71396225776462,-73.9935802528119
1002930028,88 DIVISION STREET,C7,25.863528923884658,32019.048807769206,87.7234213911485,95.17778643989554,129.31764461942328,40.71447493402432,-73.9937280801978
1002920029,5 ELDRIDGE STREET,C7,29.860124022364573,36966.833539687344,101.2789959991434,109.88525640230162,149.30062011182287,40.71458948980484,-73.99403483603058
1002920028,7 ELDRIDGE STREET,C7,21.720037278901614,26889.4061512802,73.66960589391836,79.92973718635794,108.60018639450806,40.714645157669,-73.99396950595715
1002920027,9 ELDRIDGE STREET,C7,21.10750241405041,26131.087988594405,71.59202188656002,77.67560888370551,105.53751207025203,40.714709199500305,-73.99393696505939
1002920026,11 ELDRIDGE STREET,C7,31.343457211433403,38803.20002775455,106.31013706234124,115.34392253807492,156.717286057167,40.71478592651338,-73.99394320532646
1002920025,13 ELDRIDGE STREET,C7,37.90047481290093,46920.787818371355,128.5501036119763,139.47374731147542,189.50237406450466,40.714859982525745,-73.99394569561257
1002930020,3 ALLEN STREET,C7,26.70286423009128,33058.145916853005,90.57026278589865,98.26654036673591,133.5143211504564,40.71469123409926,-73.99313360212167
1002930015,70 CANAL STREET,C7,28.44282226236814,35212.21396081176,96.47181907071715,104.66958592551475,142.2141113118407,40.71503260130396,-73.99287969940526
1002940022,50 CANAL STREET,C7,29.4043644313883,36402.60316605871,99.73315935906496,108.20806110750894,147.02182215694148,40.71470469510085,-73.99181265593212
1002970022,13 ESSEX STREET,C7,53.35339960337745,66051.50870898127,180.9630375588528,196.34051054042902,266.7669980168872,40.71515384070677,-73.99026422243739
1002970022,13 ESSEX STREET,C7,53.35339960337745,66051.50870898127,180.9630375588528,196.34051054042902,266.7669980168872,40.71521834855947,-73.9902310295867
1002990030,19 ORCHARD STREET,C1,30.450785128340733,37698.07198888583,103.28238901064611,112.0588892722939,152.25392564170366,40.71535482064929,-73.99193423661141
1002990027,25 ORCHARD STREET,C8,35.6720230017789,44161.96447620228,120.99168349644461,131.27304464654637,178.3601150088945,40.71548620613957,-73.99185912238369
1002990022,35 ORCHARD STREET,C7,35.500362281225044,43949.44850415661,120.40944795659344,130.64133319490816,177.5018114061252,40.71579738642719,-73.99168971271845
1002980018,56 HESTER STREET,C7,50.3268424944479,62304.631008126504,170.6976192003466,185.20278037956828,251.63421247223948,40.71567656237794,-73.99076437739943
1002980018,56 HESTER STREET,C7,50.3268424944479,62304.631008126504,170.6976192003466,185.20278037956828,251.63421247223948,40.71571818708233,-73.99083108618147
1002980015,58 HESTER STREET,C7,58.12010918982412,71952.69517700226,197.1306717178144,213.88200181855274,290.6005459491206,40.71574470626128,-73.99098021775761
1003100032,27 ESSEX STREET,C7,16.663851479764208,20629.84813194809,56.52013186835093,61.322973445532284,83.31925739882104,40.71583943245471,-73.98984367742665
1003100024,43 ESSEX STREET,C7,34.22616789116098,42371.9958492573,116.0876598609789,125.95229783947241,171.1308394558049,40.716379040587164,-73.98965009573642
1004090026,246 BROOME STREET,C7,32.296144988483086,39982.62749574206,109.54144519381387,118.84981355761775,161.48072494241543,40.718108134535086,-73.98951197472215
1004090027,248 BROOME STREET,C7,29.171833011132197,36114.72926778166,98.94446374734702,107.35234548096649,145.85916505566098,40.71813185554688,-73.98961322263196
1004090043,101 DELANCEY STREET,C7,46.61672262596054,57711.50261093915,158.11370578339492,171.5495392635348,233.0836131298027,40.7184922382028,-73.9889001075884
1003530051,106 NORFOLK STREET,C7,39.29238963554082,48643.97836879954,133.27117361314941,144.59599385879022,196.4619481777041,40.7188424723296,-73.98689437488005
1003530057,131 RIVINGTON STREET,C7,69.5137864542169,86058.06763032053,235.7755277543028,255.8107341515182,347.56893227108446,40.71936133263929,-73.98669295812584
1003530024,129 RIVINGTON STREET,C7,41.14151589556438,50933.19667870871,139.54300459920194,151.40077849567692,205.7075794778219,40.7195128963085,-73.986978782239
1003100040,61 HESTER STREET,C7,47.57284406505182,58895.18095253415,161.3566601439292,175.0680661593907,237.86422032525908,40.71591298296692,-73.99032300886022
1003100029,33 ESSEX STREET,C7,30.12464586145581,37294.311576482294,102.1761960999515,110.85869677015738,150.62322930727905,40.716049511782735,-73.98979598970953
1003100026,39 ESSEX STREET,C7,27.597111110543775,34165.22355485319,93.60335220507723,101.5573688868011,137.98555555271886,40.7162396397126,-73.98969473312948
1003090025,45 LUDLOW STREET,C7,24.639247788590396,30503.38876227491,83.57092811582167,90.67243186201266,123.19623894295196,40.716409322705516,-73.9904836748306
1003080024,47 ORCHARD STREET,C7,27.825012303563355,34447.36523181143,94.37634310085323,102.39604527711315,139.12506151781676,40.71644573443255,-73.99134270391306
1003090024,47 LUDLOW STREET,C7,25.61190905959224,31707.54341577519,86.86998196102792,94.25182533929944,128.0595452979612,40.71646660582881,-73.9904429105791
1003100007,48 LUDLOW STREET,C7,43.90643229051635,54356.16317565924,148.92099500180615,161.57567082910018,219.53216145258173,40.716363544508,-73.9900306950609
1003090008,58 ORCHARD STREET,C7,28.975887168232205,35872.14831427147,98.2798583952643,106.63126477909451,144.879435841161,40.71670132134369,-73.99072741951241
1004080020,67 LUDLOW STREET,C4,27.18941875526194,33660.50041901428,92.2205490931898,100.05706101936394,135.94709377630969,40.7173837041948,-73.98997419677019
1004080014,245 BROOME STREET,C7,26.227488711875864,32469.63102530232,88.95789322000635,96.51715845970318,131.1374435593793,40.717801800422684,-73.98976848389
1004090029,250 BROOME STREET,C7,30.123048464489234,37292.33399903767,102.17077807955526,110.85281834932037,150.61524232244616,40.7181626809048,-73.9897164219282
1003000004,42 ELDRIDGE STREET,C7,25.64786647384533,31752.05869462052,86.99194162909731,94.38414862375082,128.23933236922664,40.71574568301332,-73.99295846058776
1003000005,44 ELDRIDGE STREET,C7,25.19738466501737,31194.362215291505,85.4640060692918,92.72637556726391,125.98692332508685,40.71581018465676,-73.99292541833987
1003000006,46 ELDRIDGE STREET,C7,24.831153743608148,30740.968334586887,84.2218310536627,91.37864577647798,124.15576871804073,40.715874261900616,-73.99289331978176
1003000007,48 ELDRIDGE STREET,C7,30.780924722940586,38106.78480700045,104.4021501561656,113.27380298042135,153.90462361470293,40.71593080963599,-73.99283608481768
1003060035,107 HESTER STREET,C7,26.838719534636965,33226.334783880564,91.0310542024125,98.76648788746404,134.19359767318483,40.71664773693763,-73.99291185299752
1003060032,73 ELDRIDGE STREET,C7,31.082544726378412,38480.190371256474,105.42517909933281,114.38376459307256,155.41272363189205,40.71691109764401,-73.99287486971843
1003060031,75 ELDRIDGE STREET,C7,22.515134966076907,27873.73708800321,76.36640298083071,82.85569667516302,112.57567483038453,40.716965651574206,-73.99283472230087
1003060007,74 FORSYTH STREET,C7,30.37888244589068,37609.05646801266,103.03851087126758,111.79428740087769,151.8944122294534,40.717152058887045,-73.99318157873907
1003060028,81 ELDRIDGE STREET,C7,27.379032673769355,33895.24245012646,92.86367794555196,100.75484023947122,136.89516336884677,40.71716651141658,-73.99273719780395
1003060009,78 FORSYTH STREET,C7,29.761345851029745,36844.54616357482,100.94396209198581,109.52175273178946,148.80672925514872,40.71727833580819,-73.99311359606529
1003060023,289 GRAND STREET,C7,33.722783479223914,41748.80594727921,114.38029026651837,124.099843203544,168.61391739611958,40.71749315740368,-73.99245529322447
1003060001,119 HESTER STREET,C7,40.75932673007323,50460.04649183065,138.24670271734425,149.99432236666948,203.79663365036612,40.7168037716258,-73.99341068844862
1004230025,111 CHRYSTIE STREET,C7,29.704029678050855,36773.58874142696,100.7495581956903,109.31082921522714,148.52014839025426,40.71855796931986,-73.99396502442939
1004130049,75 ORCHARD STREET,C7,46.428505141611424,57478.48936531494,157.47531332962998,170.85689892113004,232.1425257080571,40.71771414804562,-73.99069052804776
1004130045,81 ORCHARD STREET,C7,46.122038391846615,57099.08352910611,156.43584528522223,169.72910128199555,230.61019195923308,40.71784322048304,-73.99062406410361
1004130014,277 BROOME STREET,C7,52.88377523639136,65470.1137426525,179.37017463740412,194.6122928699202,264.41887618195676,40.71822968732386,-73.99123156036471
1004130012,281 BROOME STREET,C7,40.861463385313,50586.491671017495,138.59312786580136,150.37018525795185,204.307316926565,40.718295397079594,-73.99137269814874
1004130002,108 ELDRIDGE STREET,C7,40.002897311287974,49523.586871374515,135.68105992157402,147.21066210553974,200.01448655643986,40.718026134135215,-73.99178595463928
1004130004,112 ELDRIDGE STREET,C7,33.85835169299631,41916.63939592943,114.84010793405324,124.59873423022641,169.29175846498154,40.71812992303981,-73.99175882592122
1004180047,109 ELDRIDGE STREET,C7,29.078767825465867,35999.514567926744,98.62880703541573,107.0098655977144,145.39383912732933,40.718210795301964,-73.99221041776305
1004090031,252 BROOME STREET,C7,29.95402692180096,37083.08532918959,101.59749405257422,110.23081907222752,149.7701346090048,40.71819429546926,-73.9898177556704
1004090033,254 BROOME STREET,C7,29.589306572427233,36631.561536664914,100.36044256620525,108.88864818653222,147.94653286213617,40.718224403226934,-73.98991702483391
1004090034,256 BROOME STREET,C7,37.85485497441841,46864.31045832999,128.3953711187123,139.30586630585975,189.27427487209204,40.71826649130351,-73.99001433406345
1004140059,260 BROOME STREET,C7,36.132216210792635,44731.68366896128,122.5525579971542,132.9665556557169,180.66108105396316,40.71830541407869,-73.99028467797031
1004140059,260 BROOME STREET,C7,36.132216210792635,44731.68366896128,122.5525579971542,132.9665556557169,180.66108105396316,40.71831710223246,-73.99036445965497
1004180046,111 ELDRIDGE STREET,C7,29.320413018726136,36298.671317182954,99.44841456762454,107.89911990891217,146.60206509363067,40.718274803747164,-73.99216798639338
1004130010,285 BROOME STREET,C7,40.34551202116655,49947.74388220419,136.8431339238471,148.4714842378929,201.72756010583274,40.71834069291378,-73.99152537357087
1004130008,289 BROOME STREET,C7,47.622744661136124,58956.95789048652,161.5259120287302,175.25170035298095,238.1137233056806,40.718378494927954,-73.99168269983358
1004180044,291 BROOME STREET,C7,25.69065815684619,31805.034798175584,87.13708163883722,94.54162201719397,128.45329078423094,40.71845897425468,-73.99195286037146
1004140028,284 BROOME STREET,C7,42.12678938122925,52152.96525396181,142.88483631222414,155.02658492292366,210.63394690614624,40.71863776418166,-73.99129197361168
1004150078,80 DELANCEY STREET,C7,73.00887211350917,90384.98367652435,247.63009226445027,268.67264937771375,365.0443605675458,40.71936350783102,-73.98986650529721
1004140003,138 ELDRIDGE STREET,C7,27.959263290481058,34613.56795361555,94.83169302360425,102.89008890897028,139.79631645240528,40.71901468100643,-73.99129701271468
1004140018,61 DELANCEY STREET,C7,33.17649802797772,41072.50455863642,112.52740974968883,122.08951274295801,165.8824901398886,40.71910658482501,-73.99087439599018
1004140005,55 DELANCEY STREET,C7,57.00320749594019,70569.97087997396,193.3423859725314,209.7718035850599,285.0160374797009,40.71917101290244,-73.9911842068608
1004100025,109 LUDLOW STREET,C7,40.560896483165315,50214.38984615866,137.57367081139358,149.26409905804834,202.80448241582656,40.719417052336674,-73.98893560060175
1004100002,122 ORCHARD STREET,C7,33.2633512246916,41180.0288161682,112.8219967566252,122.40913250686506,166.316756123458,40.719460222451495,-73.98930372521234
1004100022,117 LUDLOW STREET,C7,22.21837947625724,27506.353791606463,75.35987340166155,81.76363647262664,111.0918973812862,40.719601433342,-73.98884455666838
1004150035,123 ALLEN STREET,C7,33.88878470443941,41954.31546409599,114.94333003861915,124.71072771233702,169.44392352219703,40.71987622603903,-73.99047717931005
1004150033,125 ALLEN STREET,C7,26.64726960850179,32989.31977532522,90.38169801458963,98.06195215928659,133.23634804250895,40.71993341118244,-73.9904237912669
1004100011,85 RIVINGTON STREET,C7,36.86751650589699,45641.98543430047,125.04653543643964,135.67246074170092,184.33758252948493,40.72008442309993,-73.9890845383207
1003530020,121 RIVINGTON STREET,C7,51.56017464182086,63831.49620657422,174.8808115248609,189.74144268190076,257.8008732091043,40.719579419536174,-73.98734807364927
1004100037,110 LUDLOW STREET,C7,27.36439364989137,33877.11933856551,92.814025585111,100.70096863160023,136.82196824945683,40.719216789737104,-73.98855194804946
1004100043,122 LUDLOW STREET,C7,26.240394499587026,32485.60839048874,89.00166682325681,96.56465175848025,131.20197249793512,40.7196046412177,-73.98835366128883
1004100044,124 LUDLOW STREET,C7,25.976945561734865,32159.458605427764,88.10810576829525,95.5951596671843,129.8847278086743,40.71966853209699,-73.98832103224657
1004100018,123 LUDLOW STREET,C7,39.863077469880466,49350.48990771201,135.20682166496442,146.69612508916012,199.3153873494023,40.71978055379015,-73.98875337959454
1004100046,101 RIVINGTON STREET,C7,49.2393049270716,60958.259499714644,167.0089301362045,181.20064213162348,246.19652463535797,40.71986106349483,-73.98830824276521
1003540034,126 RIVINGTON STREET,C7,24.642972894702215,30508.000443641344,83.58356285929135,90.68614025250415,123.21486447351107,40.719858650915924,-73.9869914683579
1004110075,100 RIVINGTON STREET,C7,53.740834868205695,66531.15356683865,182.27713305983193,197.76627231499697,268.7041743410285,40.720203498277876,-73.98812421769044
1004110034,94 RIVINGTON STREET,C7,42.571691740318215,52703.75437451395,144.39384760140808,156.66382560437103,212.85845870159105,40.72031079251185,-73.9885350021289
1004110042,138 LUDLOW STREET,C7,47.76399347559189,59131.82392278276,162.00499704871987,175.77149599017815,238.81996737795941,40.72041032849784,-73.9879501101405
1004110039,86 RIVINGTON STREET,C7,28.511559151725027,35297.31022983558,96.70495953379611,104.92253767834809,142.55779575862513,40.720429306900826,-73.98891186628302
1004160069,78 RIVINGTON STREET,C7,43.04120853027577,53285.0161604814,145.98634564515453,158.39164739141484,215.20604265137882,40.72049196478996,-73.98928892802728
1004160068,145 ORCHARD STREET,C7,30.841947313433362,38182.3307740305,104.60912540830275,113.49836611343477,154.2097365671668,40.720569281983806,-73.9892509466213
1004160067,147 ORCHARD STREET,C7,30.067614619783697,37223.706899292214,101.98275862819784,110.648821800804,150.33807309891847,40.720633289529204,-73.98921766488078
1004160066,149 ORCHARD STREET,C7,31.519604453174185,39021.27031302964,106.90758989871135,115.992144387681,157.59802226587092,40.720697357211144,-73.98918553746238
1004160065,151 ORCHARD STREET,C7,28.68845115826447,35516.30253393141,97.30493844912715,105.57350026241325,143.44225579132234,40.720762007222994,-73.98915273928583
1004160064,153 ORCHARD STREET,C7,29.970587265470165,37103.58703465207,101.6536631086358,110.2917611369302,149.85293632735082,40.72082469285149,-73.9891208089965
1004110027,143 LUDLOW STREET,C7,32.83179414278923,40645.76114877306,111.35824972266592,120.82100244546434,164.15897071394613,40.72064343039038,-73.98830799750742
1004110003,150 ORCHARD STREET,C7,35.946064206439225,44501.22748757176,121.92117119882674,132.28151627969635,179.73032103219612,40.72066317747517,-73.9886691633017
1004110005,154 ORCHARD STREET,C7,30.975987504200262,38348.27253019992,105.06376035671212,113.99163401545695,154.8799375210013,40.72075720633732,-73.98849277839793
1004110005,154 ORCHARD STREET,C7,30.975987504200262,38348.27253019992,105.06376035671212,113.99163401545695,154.8799375210013,40.72080758786572,-73.98866372512228
1004110021,153 LUDLOW STREET,C7,26.095691028690336,32306.465493518637,88.51086436580448,96.03214298558044,130.47845514345167,40.7209515623707,-73.98815774595174
1004110009,162 ORCHARD STREET,C7,24.854962501250817,30770.44357654851,84.30258514122879,91.46626200460301,124.27481250625408,40.72106118401764,-73.98851960053719
1004180037,305 BROOME STREET,C7,45.995444504062306,56942.36029602913,156.00646656446338,169.2632357749493,229.97722252031153,40.71860969954821,-73.99242801939451
1004140031,288 BROOME STREET,C7,34.47108049601027,42675.19765406072,116.91834973715267,126.85357622531781,172.35540248005137,40.718730279041594,-73.99145546586955
1004140032,128 ELDRIDGE STREET,C6,30.898603866110285,38252.47158624453,104.8012920171083,113.70686222728585,154.49301933055142,40.718751243656214,-73.99153256034445
1004230017,327 BROOME STREET,C2,29.365574689340345,36354.581465403346,99.60159305589957,108.06531485677247,146.82787344670172,40.719027079594014,-73.99380485274511
1004190040,110 FORSYTH STREET,C6,71.76886116463542,88849.85012181866,243.4242469090922,264.1094090858584,358.84430582317714,40.71898860752766,-73.99233201606597
1004190066,135 ELDRIDGE STREET,C7,52.487384782277175,64979.382360459145,178.02570509714835,193.15357599877998,262.43692391138586,40.71911329307524,-73.99174546231045
1004190065,139 ELDRIDGE STREET,C7,28.830582291051122,35692.26087632129,97.7870160995104,106.09654283106813,144.1529114552556,40.71921016569889,-73.99169623651336
1004190063,47 DELANCEY STREET,C7,66.63030605573258,82488.31889699693,225.99539423834776,245.19952628509589,333.15153027866285,40.71931826595088,-73.99166396666887
1004240040,334 BROOME STREET,C7,37.86370823484099,46875.27079473315,128.42539943762506,139.33844630421484,189.31854117420494,40.71941444004699,-73.99386477305134
1004240029,135 CHRYSTIE STREET,C7,54.42248606843474,67375.03775272222,184.58914452800607,200.27474873183985,272.1124303421737,40.719623735545966,-73.99342395435916
1004240029,135 CHRYSTIE STREET,C7,54.42248606843474,67375.03775272222,184.58914452800607,200.27474873183985,272.1124303421737,40.71968311086314,-73.99339312130668
1004240026,9 DELANCEY STREET,C7,24.99159390004054,30939.593248250192,84.7660088993156,91.96906555214919,124.95796950020271,40.719860617594726,-73.99332237249351
1004250041,10 DELANCEY STREET,C7,33.96324778134312,42046.50075330278,115.19589247480214,124.98475183534268,169.8162389067156,40.72037770023976,-73.99318039085786
1004250041,10 DELANCEY STREET,C7,33.96324778134312,42046.50075330278,115.19589247480214,124.98475183534268,169.8162389067156,40.72039770188992,-73.99324552313404
1004780012,164 ELIZABETH STREET,C7,39.94953872340209,49457.52893957179,135.50007928649805,147.0143025021197,199.74769361701044,40.72068460977343,-73.99464658744996
1004780013,166 ELIZABETH STREET,C7,29.029760945342016,35938.84405033341,98.46258643926963,106.82952027885861,145.14880472671007,40.72076882268437,-73.99465756776425
1004780014,168 ELIZABETH STREET,C7,19.84109687899778,24563.277936199254,67.29665187999795,73.01523651471183,99.2054843949889,40.72084607399787,-73.99469368546931
1004250026,17 RIVINGTON STREET,C7,35.12504951226138,43484.811296179585,119.1364693046016,129.26018220512185,175.62524756130688,40.721129319484064,-73.99252952711713
1004260044,8 RIVINGTON STREET,C7,37.98825400830908,47029.45846228664,128.84783140352505,139.7967747505774,189.94127004154538,40.72157893640557,-73.99271603836081
1004260002,217 BOWERY,C7,36.03047550047946,44605.728669593576,122.2074758071057,132.5921498417644,180.15237750239731,40.72170460923776,-73.99313438404745
1004260022,13 STANTON STREET,C7,19.765014696887338,24469.088194746524,67.0385977938261,72.7352540845454,98.82507348443669,40.722461272004224,-73.99233196291613
1004920007,202 ELIZABETH STREET,C7,38.17109822351493,47255.81960071148,129.46799890605885,140.46964146253495,190.85549111757464,40.72196166632184,-73.99420728507513
1004930009,228 MOTT STREET,C4,26.58139520242641,32907.7672606039,90.15826646740794,97.8195343449292,132.90697601213205,40.722355540242205,-73.99496851957127
1004930010,230 MOTT STREET,C7,25.055519585856782,31018.733247290696,84.98283081449506,92.20431207595296,125.2775979292839,40.72241307963514,-73.9949147723194
1004930012,234 MOTT STREET,C4,24.94204739767227,30878.25467831827,84.59795802278978,91.78673442343394,124.71023698836133,40.72254399764949,-73.9948746090578
1004930017,20 PRINCE STREET,C7,64.82557008052287,80254.05575968731,219.87412536900632,238.55809789632414,324.1278504026143,40.72264932237977,-73.99453430736618
1005070001,13 PRINCE STREET,C7,38.809914902379305,48046.67464914558,131.63472506615227,142.82048684075582,194.0495745118965,40.722827641922336,-73.99395294169089
1004930013,30 PRINCE STREET,C7,39.462717224915025,48854.8439244448,133.84888746423232,145.2227993876873,197.3135861245751,40.72277019018494,-73.99488491221179
1005080046,17 PRINCE STREET,C7,21.264930865192515,26325.984411108333,72.12598468796804,78.25494558390845,106.32465432596257,40.72293516490452,-73.99420021211337
1005070004,232 ELIZABETH STREET,C7,36.41361013260089,45080.049344159896,123.50698450454766,134.00208528797125,182.06805066300444,40.72308641710944,-73.99377755523838
1002920010,28 FORSYTH STREET,C7,36.26001497330654,44889.89853695349,122.98602338891368,133.43685510176806,181.3000748665327,40.71521829439045,-73.9941735263685
1003030020,122 HESTER STREET,C7,33.42731875981524,41383.02062465127,113.3781386976747,123.01253303612009,167.1365937990762,40.71692606741166,-73.99472246573215
1003040035,75 CHRYSTIE STREET,C7,71.18451660001122,88126.4315508139,241.44227822140795,261.95902108804125,355.9225830000561,40.71719904412899,-73.99467612237784
1003040031,83 CHRYSTIE STREET,C7,50.74314756956451,62820.016691120865,172.10963477019416,186.7347830559974,253.71573784782254,40.717450566297586,-73.9945335916034
1002030015,58 ELIZABETH STREET,C7,58.236307426012495,72096.54859340347,197.52479066685882,214.30961132772597,291.18153713006245,40.71733904348944,-73.99628298113748
1002030015,58 ELIZABETH STREET,C7,58.236307426012495,72096.54859340347,197.52479066685882,214.30961132772597,291.18153713006245,40.71742935877394,-73.99620445850461
1002050023,111 MOTT STREET,C7,27.37014903249891,33884.244502233654,92.83354658146207,100.722148439596,136.85074516249455,40.71761518746224,-73.99753052852586
1002050018,174 HESTER STREET,C7,27.586952977907846,34152.64778664991,93.5688980456162,101.51998695870087,137.93476488953922,40.71786931629035,-73.99765610732008
1003040030,85 CHRYSTIE STREET,C7,29.612607847658037,36660.408515400646,100.4394753846593,108.97439687938157,148.06303923829017,40.717546939627866,-73.99448221898392
1003040029,87 CHRYSTIE STREET,CB,27.603867724475187,34173.58824290028,93.6262691586309,101.5822332260687,138.01933862237593,40.71760738657938,-73.99446521139257
1002380040,173 HESTER STREET,C7,69.72870093162419,86324.13175335075,236.50447055712536,256.601619428377,348.64350465812095,40.71800735246064,-73.99684224730287
1002370029,121 MOTT STREET,C7,39.04113250456785,48332.922040654994,132.4189644949452,143.67136761680968,195.20566252283922,40.71805370065071,-73.99720982530229
1002370028,123 MOTT STREET,C7,33.493624832117476,41465.10754216144,113.60303436208613,123.2565393821923,167.46812416058737,40.71818038132336,-73.9971153974795
1002380004,124 MOTT STREET,C7,51.012377228895616,63153.323009372776,173.02280276540486,187.72554820233586,255.06188614447805,40.718238074047186,-73.99663709020496
1002390008,84 ELIZABETH STREET,C7,27.140425563397418,33599.846847486006,92.0543749246192,99.87676607330249,135.7021278169871,40.71806007103681,-73.99579955487256
1002390010,88 ELIZABETH STREET,C7,26.17157173556964,32400.405808635212,88.76823509215127,96.31138398689626,130.85785867784818,40.7181873565949,-73.99573354547256
1002390011,90 ELIZABETH STREET,C7,28.194089550735125,34904.282863810084,95.62817222961667,103.75424954670525,140.97044775367561,40.71825297474323,-73.99568940328422
1002380027,83 ELIZABETH STREET,C7,54.155433494989495,67044.426666797,183.68336073095065,199.29199526156134,270.7771674749475,40.71814343861233,-73.99625400464518
1002380027,83 ELIZABETH STREET,C7,54.155433494989495,67044.426666797,183.68336073095065,199.29199526156134,270.7771674749475,40.718207438623345,-73.99621570498283
1002380023,91 ELIZABETH STREET,C7,38.27940018480596,47389.89742878977,129.83533542134185,140.8681926800859,191.39700092402978,40.7184204904447,-73.9961095289655
1002380021,95 ELIZABETH STREET,C7,38.82430632204844,48064.49122669597,131.68353760738623,142.87344726513828,194.12153161024222,40.71851898289218,-73.99606330429214
1002380014,209 GRAND STREET,C7,45.48959162216346,56316.11442823836,154.290724460927,167.40169716956154,227.4479581108173,40.71875343365601,-73.99624553397157
1002390012,92 ELIZABETH STREET,C7,97.36216808891834,120534.3640940809,330.23113450433124,358.2927785672195,486.8108404445917,40.718368380714764,-73.99562968735941
1004700031,208 GRAND STREET,C7,25.72109298591971,31842.7131165686,87.24030990840713,94.65362218818454,128.60546492959855,40.719189461898466,-73.99621242629887
1004700032,206 GRAND STREET,C7,31.480630271735453,38973.02027640849,106.7753980175575,115.84871939998646,157.40315135867726,40.719224435069215,-73.99627670610542
1004710052,200 GRAND STREET,C7,62.403815891331696,77255.92407346865,211.6600659547086,229.64604248010065,312.01907945665846,40.719328524771775,-73.99654346592123
1002370012,191 GRAND STREET,C7,61.71759799982017,76406.38632377738,209.33256527062295,227.12076063933824,308.58798999910084,40.719075041613216,-73.99723775776509
1002060016,182 HESTER STREET,C7,35.63183871286742,44112.216326529866,120.85538719597224,131.1251664633521,178.1591935643371,40.718095657994226,-73.99816418910227
1002060012,190 HESTER STREET,C7,30.762384993973445,38083.83262253912,104.3392674590113,113.20557677782227,153.81192496986722,40.718149727910706,-73.9984905561028
1002370036,191 HESTER STREET,C7,21.879616658215383,27086.965422870646,74.21086417224835,80.51698930223262,109.39808329107692,40.718263537102004,-73.99772886481477
1002360033,197 HESTER STREET,C7,56.77708973566909,70290.03709275833,192.57544408974886,208.93969022726225,283.8854486783454,40.718453063833614,-73.998154210434
1002370011,146 MULBERRY STREET,C7,34.17204610569885,42304.99307885517,115.90409062700047,125.75312966897175,170.86023052849424,40.71888037713675,-73.99727627188275
1002350016,150 BAXTER STREET,C7,34.306164885304064,42471.03212800643,116.35899213152447,126.24668677791895,171.53082442652033,40.71924829575125,-73.99847678448401
1004730044,178 LAFAYETTE STREET,C7,26.885601039001923,33284.37408628438,91.19006598982021,98.93901182352708,134.4280051950096,40.720634027205925,-73.99892228728443
1004700038,118 ELIZABETH STREET,C7,27.856592679856604,34486.461737662474,94.48345681551362,102.51226106187231,139.282963399283,40.719158196790154,-73.99528975425214
1004700039,120 ELIZABETH STREET,C7,29.56586902682011,36602.545855203294,100.28094754850217,108.802398018698,147.82934513410055,40.719224204446725,-73.9952626591525
1004700021,119 ELIZABETH STREET,C7,50.67801344133112,62739.38064036793,171.8887140831998,186.4950894640985,253.39006720665557,40.71934424203581,-73.99571784082721
1004700042,126 ELIZABETH STREET,C4,29.75825947370131,36840.72522844222,100.93349377655403,109.51039486322082,148.79129736850655,40.71942564787661,-73.99518178535888
1004700004,158 MOTT STREET,C7,24.43457870018255,30250.008430825994,82.87673542692053,89.91924961667178,122.17289350091274,40.71950548110937,-73.99605568496699
1004700007,164 MOTT STREET,C7,25.590492200203435,31681.029343851853,86.79734066808727,94.17301129674864,127.95246100101717,40.71969274025129,-73.99598533074378
1004710021,163 MULBERRY STREET,C7,27.06294549936935,33503.92652821925,91.79157952936781,99.59163943767919,135.31472749684673,40.719785306245214,-73.997373929493
1004710020,165 MULBERRY STREET,C7,27.562710161165896,34122.63517952338,93.48667172472159,101.43077339309049,137.81355080582946,40.71986245431295,-73.99733965123386
1004710018,169 MULBERRY STREET,C7,26.21188071806899,32450.308328969408,88.90495432594358,96.45972104249388,131.05940359034494,40.71998094156904,-73.99729055731797
1004710017,171 MULBERRY STREET,C7,33.93478283279928,42011.261147005505,115.09934560823426,124.88000082470136,169.6739141639964,40.72005706673134,-73.99726843607482
1004790035,358 BROOME STREET,C7,50.02390803099004,61929.59814236567,169.67013189689226,184.08798155404335,250.1195401549502,40.72016449854328,-73.99542587366689
1004790031,149 ELIZABETH STREET,C7,51.07296438483337,63228.32990842371,173.22830111896906,187.9485089361868,255.36482192416685,40.72043087806838,-73.99529023535193
1004700009,365 BROOME STREET,C7,94.05190672476198,116436.26052525533,319.0034534938502,346.11101674712404,470.2595336238099,40.71986582316015,-73.99583356210069
1004700009,365 BROOME STREET,C7,94.05190672476198,116436.26052525533,319.0034534938502,346.11101674712404,470.2595336238099,40.71989246605598,-73.99597613712328
1004710044,171 MOTT STREET,C7,20.935611865769108,25918.287489822156,71.00900682143056,77.04305166603031,104.67805932884553,40.71990467187858,-73.99629548794783
1004710043,373 BROOME STREET,C7,46.21614723816008,57215.59028084218,156.75504186532103,170.0754218364291,231.0807361908004,40.72007089073379,-73.99625320091484
1004810035,390 BROOME STREET,C7,44.49702661216082,55087.3189458551,150.92416149549342,163.74905793275184,222.4851330608041,40.72074070572036,-73.99694913082291
1004800041,384 BROOME STREET,C7,67.63642982842809,83733.90012759398,229.407945555052,248.90206176861534,338.1821491421404,40.72057154273986,-73.99641442208399
1004800041,384 BROOME STREET,C7,67.63642982842809,83733.90012759398,229.407945555052,248.90206176861534,338.1821491421404,40.720610002279315,-73.99653345994047
1004790003,184 MOTT STREET,C7,52.63186017429827,65158.24289578126,178.51573396104453,193.6852454414176,263.1593008714913,40.72066709892943,-73.99558185138928
1004790005,192 MOTT STREET,C7,54.337626094188764,67269.98110460569,184.30131809481009,199.96246402661464,271.6881304709438,40.72096920792883,-73.99544194348917
1004810039,396 BROOME STREET,C7,26.70045922906245,33055.16852557931,90.56210554953236,98.25768996294981,133.50229614531224,40.72085919184308,-73.99712887755187
1004810033,183 MULBERRY STREET,C7,60.74206534006504,75198.67689100052,206.02377230411102,223.53080045143935,303.7103267003252,40.720870002583005,-73.9968938574718
1004810033,183 MULBERRY STREET,C7,60.74206534006504,75198.67689100052,206.02377230411102,223.53080045143935,303.7103267003252,40.72097739400638,-73.99685130388308
1004810032,86 KENMARE STREET,C7,57.59339413555087,71300.62193981197,195.344169698115,211.9436904188272,287.9669706777543,40.72110907253959,-73.99689303486436
1004810028,195 MULBERRY STREET,C7,66.2337178198724,81997.34266100203,224.65025386575897,243.74008157713038,331.16858909936195,40.721422017961245,-73.9967267175412
1003410075,157 BROOME STREET,C6,74.9937520315886,92842.26501510669,254.3623699044019,275.97700747624606,374.968760157943,40.71641130018441,-73.98529465154716
1003480032,107 CLINTON STREET,C7,33.16148033913626,41053.91265985069,112.47647304068683,122.03424764802145,165.8074016956813,40.718167806249866,-73.98583372098591
1003480031,105 CLINTON STREET,C7,33.16136206609442,41053.76623782489,112.47607188445176,122.03381240322744,165.80681033047208,40.71823139858867,-73.98580040725314
1003530049,102 NORFOLK STREET,C7,47.64996486975595,58990.656508757864,161.61823701029553,175.35187072070187,238.24982434877973,40.71874172259443,-73.98693942336666
1003480073,172 DELANCEY STREET,C6,30.892115223522143,38244.43864672042,104.77928396361759,113.68298402256148,154.4605761176107,40.7179695559335,-73.9851207902189
1003480074,170 DELANCEY STREET,C7,29.43125849644273,36435.8980185961,99.82437813313999,108.30703126690923,147.15629248221364,40.717994629904304,-73.98520417247184
1003480076,168 1/2 DELANCEY STREET,C7,24.227223376491835,29993.30254009689,82.17343161670381,89.15618202548995,121.13611688245916,40.718005661841765,-73.9853930463203
1003480053,173 RIVINGTON STREET,C6,41.62554177063757,51532.42071204931,141.18471427958715,153.18199371594625,208.12770885318784,40.71878987537124,-73.98470573858809
1003480007,110 SUFFOLK STREET,C6,30.689536762300847,37993.646511728446,104.09218222391355,112.93749528526712,153.44768381150422,40.71873052212481,-73.98596222979009
1003480021,163 RIVINGTON STREET,C7,37.9582081766895,46992.261722741605,128.7459225280592,139.68620609021738,189.79104088344752,40.71894120888438,-73.98528816872667
1003440173,72 CLINTON STREET,C6,39.290234473362695,48641.31027802302,133.26386377540553,144.58806286197472,196.45117236681347,40.71916325321264,-73.98484613817224
1003440146,42 CLINTON STREET,C7,3.0025764224598124,3717.1896110052476,10.184081126041773,11.04948123465211,15.01288211229906,40.719779932324506,-73.98460429381109
1003490032,158 RIVINGTON STREET,C7,18.56710419136839,22986.074988914068,62.975547914833065,68.32694342423568,92.83552095684195,40.719304687399486,-73.9852973352833
1003490027,63 CLINTON STREET,C4,30.4064824501159,37643.225273243486,103.13212403628353,111.89585541642651,152.03241225057948,40.71950822431563,-73.98511905375105
1003490026,61 CLINTON STREET,C4,29.977848556343037,37112.57651275268,101.67829181576077,110.31848268734237,149.88924278171518,40.7195737265531,-73.98508859806411
1003550067,157 SUFFOLK STREET,C1,54.1336287580407,67017.43240245439,183.60940384234078,199.21175382958978,270.6681437902035,40.72094469831234,-73.98535448007898
1003550062,167 SUFFOLK STREET,C4,39.06319023606562,48360.22951224924,132.49377948561437,143.7525400687215,195.3159511803281,40.72117827821406,-73.98527207763918
1003550062,167 SUFFOLK STREET,C4,39.06319023606562,48360.22951224924,132.49377948561437,143.7525400687215,195.3159511803281,40.721253513863935,-73.98527752002319
1003550044,178 NORFOLK STREET,C7,32.60348437309006,40363.1136538855,110.58387302434383,119.98082249297143,163.0174218654503,40.721283437399705,-73.98561472552699
1003550046,184 NORFOLK STREET,C4,60.78502817123675,75251.8648759911,206.1694928109345,223.68890367015126,303.92514085618376,40.7214138325422,-73.98555687375546
1003550046,184 NORFOLK STREET,C4,60.78502817123675,75251.8648759911,206.1694928109345,223.68890367015126,303.92514085618376,40.72147861619818,-73.985523859617
1003550048,188 NORFOLK STREET,C4,21.787401224482604,26972.802715909464,73.89808963262867,80.17763650609598,108.93700612241301,40.72155299479235,-73.98552652787731
1004290045,114 EAST 1 STREET,C7,46.69994881343797,57814.53663103621,158.39599076996222,171.8558116334517,233.49974406718985,40.72273494029111,-73.98660648341385
1004290047,110 EAST 1 STREET,C1,39.4918897397142,48890.95949776618,133.9478342404553,145.33015424214827,197.459448698571,40.72278421367486,-73.9867277542819
1004150072,127 ORCHARD STREET,C7,53.25650737952924,65931.5561358572,180.6344003722115,195.9839471566676,266.2825368976462,40.71968822901377,-73.98970058999599
1004150032,127 ALLEN STREET,C7,27.011942773790135,33440.78515395219,91.61858946288271,99.4039494075477,135.05971386895067,40.71999719615481,-73.99039153000105
1004150025,139 ALLEN STREET,C7,34.6456603333955,42891.32749274363,117.51048628148939,127.49603002689543,173.22830166697747,40.72033502940234,-73.99019689092893
1004150012,176 ELDRIDGE STREET,C7,75.39992525723413,93345.10746845586,255.7400204615229,277.4717249466216,376.9996262861706,40.720307371341626,-73.99062292551395
1004150012,176 ELDRIDGE STREET,C7,75.39992525723413,93345.10746845586,255.7400204615229,277.4717249466216,376.9996262861706,40.72039540138179,-73.99057820130508
1004150022,145 ALLEN STREET,C7,19.55020813704958,24203.15767366738,66.31002102374624,71.94476594434245,97.7510406852479,40.720513116481904,-73.99010710655602
1004160032,66 RIVINGTON STREET,C7,45.98805861589554,56933.21656647868,155.98141525062653,169.23605570649556,229.94029307947767,40.720751002050335,-73.98993830475501
1004160063,155 ORCHARD STREET,C7,30.3203427547157,37536.58433033804,102.83995706941928,111.57886133735377,151.6017137735785,40.72088895267289,-73.9890878864575
1004160062,157 ORCHARD STREET,C7,31.872773810514357,39458.49397741677,108.10546295182678,117.29180762269283,159.36386905257177,40.72095520250941,-73.98905448353051
1004160055,85 STANTON STREET,C6,27.305426829085945,33804.1184144084,92.61402305317371,100.48397073103628,136.52713414542973,40.721373183635976,-73.98882256202525
1004210078,42 RIVINGTON STREET,C7,51.96978559423056,64338.59456565743,176.2701220976916,191.24881098676846,259.84892797115276,40.72107031986437,-73.99097661594664
1004210080,40 RIVINGTON STREET,C7,28.074895062828787,34756.720087782036,95.22389065145764,103.31561383120993,140.37447531414392,40.72110947366772,-73.99108785557452
1004210043,172 FORSYTH STREET,C6,34.6497363412663,42896.373590487674,117.52431120681554,127.51102973585996,173.24868170633147,40.721321390676756,-73.99106603208972
1004220064,231 ELDRIDGE STREET,C7,38.21998812241896,47316.345295554675,129.63382272754706,140.64955629050175,191.0999406120948,40.72236139030776,-73.9900731252318
1004220062,233 ELDRIDGE STREET,C7,38.07384814037629,47135.42399778585,129.13814793913932,140.11176115658475,190.36924070188144,40.72245455011395,-73.99002488879201
1004220060,237 ELDRIDGE STREET,C6,52.53726232600113,65041.130759589396,178.19487879339562,193.33712535968414,262.6863116300056,40.72256874479497,-73.98997544030988
1004220057,245 ELDRIDGE STREET,C7,36.984144662957135,45786.371092740934,125.44211258285188,136.10165235968225,184.92072331478568,40.722770211515304,-73.98985747503515
1004170019,201 ALLEN STREET,C7,37.24825259435174,46113.33671180745,126.33790879947247,137.07356954721442,186.2412629717587,40.722547677146046,-73.98916280701269
1004170018,159 EAST HOUSTON STREET,C7,67.4482727090119,83500.96161375674,228.76975784590886,248.2096435691638,337.2413635450595,40.722759359112395,-73.98907700770758
1004420021,49 EAST 1 STREET,C6,39.976623325324844,49491.05967675216,135.59194431986893,147.1139738371954,199.8831166266242,40.72363260611009,-73.98972500517226
1004120040,162 LUDLOW STREET,C7,30.930935261927118,38292.49785426577,104.91095302538567,113.82584176389179,154.6546763096356,40.7212647471629,-73.9874932398299
1004120035,161 LUDLOW STREET,C4,31.161780708668502,38578.2845173316,105.69393018447015,114.67535300790007,155.8089035433425,40.721461425181815,-73.9878971631433
1004110018,101 STANTON STREET,C7,30.097297741864136,37260.4546044278,102.08343727240494,110.75805569006002,150.48648870932067,40.72116466026812,-73.98798225741287
1004110011,166 ORCHARD STREET,C7,26.44777941948089,32742.350921317342,89.70507101730779,97.32782826368968,132.23889709740445,40.72118193670958,-73.98843238900167
1004120001,172 ORCHARD STREET,C7,37.67083783656648,46636.4972416693,127.77122531964191,138.62868323856463,188.35418918283239,40.721484251632425,-73.98823073814722
1004170068,86 STANTON STREET,C7,29.58488868666116,36626.092194086516,100.34545806599046,108.87239036691307,147.92444343330578,40.72163150693692,-73.98861518805654
1004170056,185 EAST HOUSTON STREET,C7,66.52687967262418,82360.27703470874,225.64459461564036,244.81891719525694,332.63439836312085,40.72247027354146,-73.98815425790247
1004170056,185 EAST HOUSTON STREET,C7,66.52687967262418,82360.27703470874,225.64459461564036,244.81891719525694,332.63439836312085,40.72250410551658,-73.98823704042331
1004170054,179 EAST HOUSTON STREET,C7,26.66337417604231,33009.257229940384,90.43632117791886,98.12121696783571,133.31687088021155,40.72253313087208,-73.98832021812277
1004290005,18 1 AVENUE,C7,46.335526545766946,57363.38186365948,157.15995031139585,170.51473768842234,231.6776327288347,40.723476756616904,-73.98793635947028
1004430050,54 EAST 1 STREET,C6,28.785134079222274,35635.99599007718,97.63286572623885,105.92929341153797,143.92567039611137,40.72391495821648,-73.98937624271882
1005080044,233 ELIZABETH STREET,C7,41.504526872327084,51382.60426794093,140.77425826833132,152.73665889016365,207.5226343616354,40.72313025422839,-73.99423989497576
1005080053,31 PRINCE STREET,C7,32.48833256746263,40220.555718518735,110.19330333840749,119.55706384826247,162.44166283731315,40.72315321941945,-73.99471389444204
1005080042,239 ELIZABETH STREET,CB,19.81687027580279,24533.285401443853,67.21448055190096,72.92608261495427,99.08435137901394,40.72326554049716,-73.99417331089431
1005080001,246 MOTT STREET,C7,104.57713928247762,129466.4984317073,354.70273542933506,384.84387255951765,522.885696412388,40.72327141571631,-73.99456962952897
1005080001,246 MOTT STREET,C7,104.57713928247762,129466.4984317073,354.70273542933506,384.84387255951765,522.885696412388,40.723337224421655,-73.99454020493692
1005080001,246 MOTT STREET,C7,104.57713928247762,129466.4984317073,354.70273542933506,384.84387255951765,522.885696412388,40.72340244641389,-73.99451135507024
1005080001,246 MOTT STREET,C7,104.57713928247762,129466.4984317073,354.70273542933506,384.84387255951765,522.885696412388,40.72346804191058,-73.99448438846262
1005080014,274 MOTT STREET,C4,37.76410017063527,46751.95601124646,128.08755071574373,138.97188862793777,188.82050085317633,40.72402390612939,-73.99424219680643
1005080035,253 ELIZABETH STREET,C7,20.91826759516681,25896.81528281651,70.95017885703153,76.97922475021386,104.59133797583404,40.72364804408324,-73.99402278144412
1005090027,285 MOTT STREET,C7,71.93792558744241,89059.1518772537,243.99767637603753,264.73156616178807,359.68962793721204,40.724300966878396,-73.99459801818004
1005210026,302 MOTT STREET,C7,54.763625542881506,67797.36842208731,185.74621485503374,201.53014199780395,273.8181277144075,40.7248947328506,-73.99386465938349
1004290009,26 1 AVENUE,C7,40.35949000465438,49965.04862576212,136.8905441801702,148.52292321712812,201.7974500232719,40.72370704545586,-73.98780456835767
1004440024,70 EAST 3 STREET,C1,30.59002411974747,37870.44986024737,103.75465715136265,112.57128876067068,152.95012059873733,40.724930759134914,-73.98885480322014
1004440022,66 EAST 3 STREET,C7,38.182546472692415,47269.99253319321,129.50682885806359,140.51177101950807,190.91273236346206,40.72497978255303,-73.98894651296166
1004440019,60 EAST 3 STREET,C7,26.711992949708502,33069.447271739125,90.601225402025,98.3001340549273,133.5599647485425,40.72506839217991,-73.98916204286304
1004440018,58 EAST 3 STREET,C1,33.87868304804781,41941.809613483194,114.90906743420054,124.67355361681594,169.39341524023905,40.72509826247796,-73.98924810004557
1004440014,50 EAST 3 STREET,C1,44.44242550532604,55019.72277559364,150.73896650847573,163.54812585959985,222.21212752663018,40.725187141831476,-73.9894669795867
1004450047,77 EAST 3 STREET,C7,29.58205423655287,36622.583144852455,100.33584423247248,108.86195959051457,147.91027118276435,40.72514148485467,-73.98828324112479
1004450049,75 EAST 3 STREET,C4,27.27253052123806,33763.392785292715,92.50244598710333,100.36291231815606,136.3626526061903,40.725175575992395,-73.98836432970093
1004450050,73 EAST 3 STREET,C4,25.937460188928853,32110.57571389392,87.97418003806553,95.44985349525818,129.68730094464425,40.725208925720416,-73.98844227167206
1004450051,71 EAST 3 STREET,C6,26.68249967352604,33032.93459582524,90.50119067349381,98.19159879857582,133.41249836763018,40.72524232297484,-73.98852130763714
1004450042,89 EAST 3 STREET,C1,28.024284379927316,34694.064062350015,95.05223030780826,103.12936651813253,140.12142189963657,40.72496176182977,-73.9878998566542
1004450033,57 1 AVENUE,C7,25.28009889994806,31296.7624381357,85.74455462502932,93.03076395180886,126.4004944997403,40.725090002536305,-73.98747902554376
1004450028,124 EAST 4 STREET,C7,26.495659091530815,32801.62595531515,89.86746837072643,97.5040254568334,132.47829545765407,40.72527458214867,-73.98777636914076
1004460026,336 EAST 5 STREET,C7,27.052321113714136,33490.7735387781,91.75554394185781,99.55254169846802,135.26160556857067,40.725914210058704,-73.98741500499538
1004450020,108 EAST 4 STREET,C7,50.08117287340659,62000.492017277356,169.86436169117084,184.29871617413625,250.40586436703293,40.725521019391415,-73.98837100025412
1004460011,306 EAST 5 STREET,C1,49.19170995295904,60899.336921763286,166.84749841578983,181.02549262688925,245.95854976479518,40.726345409078064,-73.98843391658268
1004450009,68 2 AVENUE,C7,41.592174136351396,51491.11158080303,141.07153857754255,153.05920082177315,207.96087068175697,40.7259581994248,-73.98923628973654
1004430020,67 EAST 2 STREET,C4,71.34130985580978,88320.54160149251,241.97408657943154,262.53602026938,356.7065492790489,40.72417921685919,-73.98923913663353
1004430004,26 2 AVENUE,C7,42.93138247798686,53149.05150774773,145.61383974725405,157.98748751899166,214.65691238993426,40.724380473670266,-73.99018850881556
1004430004,26 2 AVENUE,C7,42.93138247798686,53149.05150774773,145.61383974725405,157.98748751899166,214.65691238993426,40.72447565883764,-73.99037089631145
1004440008,50 2 AVENUE,CB,28.0725181922946,34753.777522060715,95.2158288275636,103.30686694764411,140.362590961473,40.72537489156766,-73.98974697221998
1004570020,21 EAST 2 STREET,C1,65.73552886255153,81380.5847318388,222.96050611462684,241.90674621418964,328.67764431275765,40.725050326915344,-73.9910771214798
1004580032,32 EAST 2 STREET,C6,36.87873224961749,45655.870525026454,125.0845767808944,135.71373467859237,184.39366124808745,40.72521123143096,-73.99051851115571
1004590035,53 2 AVENUE,C7,33.32911448571162,41261.44373331099,113.04505132413969,122.65114130741877,166.6455724285581,40.72581852081452,-73.99010263085837
1004590036,27 EAST 3 STREET,C7,22.390185867696104,27719.050104207778,75.94260302522679,82.39588399312166,111.9509293384805,40.725955889764236,-73.99027004395622
1004590039,21 EAST 3 STREET,C7,24.790126260902277,30690.17631099702,84.08267482464937,91.22766464012038,123.95063130451138,40.726072873004874,-73.99050437605439
1004590016,60 EAST 4 STREET,C7,32.39387744382099,40103.62027545038,109.8729322615079,119.20946899326123,161.96938721910493,40.72652391651067,-73.99078647107802
1004460009,302 EAST 5 STREET,C7,44.14952129513228,54657.10736337376,149.74549962568153,162.4702383660868,220.7476064756614,40.726407981980685,-73.98856420828646
1004470053,309 EAST 5 STREET,C7,50.62222860353826,62670.31901118037,171.6995041402202,186.28980126102078,253.1111430176913,40.7267392238805,-73.98830970898904
1004470001,88 2 AVENUE,C7,52.45806218297398,64943.08098252179,177.92624926718298,193.04566883334425,262.2903109148699,40.726820667471586,-73.98862895162735
1004470003,92 2 AVENUE,C7,53.25486166939517,65929.51874671121,180.6288184841403,195.9778909433742,266.27430834697583,40.726920593604355,-73.98851570210823
1004600042,69 2 AVENUE,C7,25.802664438598825,31943.698574985345,87.51698239722012,94.95380513404368,129.0133221929941,40.726410939923554,-73.98962821644
1004600037,77 2 AVENUE,C7,44.273817098807946,54810.985568324235,150.16708374883353,162.92764692361322,221.36908549403972,40.72665651141057,-73.98946242071766
1004600052,69 EAST 4 STREET,C7,28.1435580336804,34841.724845696335,95.45678039916804,103.56829356394388,140.717790168402,40.7268561310763,-73.99044180352787
1004600053,67 EAST 4 STREET,C7,27.784612362802378,34397.350105149344,94.23931535657354,102.24737349511275,138.92306181401187,40.72688937442837,-73.99052082691662
1004600054,65 EAST 4 STREET,C7,27.242860411112982,33726.66118895787,92.4018114765969,100.25372631289576,136.2143020555649,40.726922537525155,-73.99060065918957
1004600048,77 EAST 4 STREET,C7,28.40109207791578,35160.55199245974,96.33027943139655,104.51601884673008,142.0054603895789,40.72672364862681,-73.99012726708419
1004600049,75 EAST 4 STREET,C7,25.897322558618523,32060.885327569733,87.83804199334173,95.30214701571617,129.4866127930926,40.726755531628044,-73.9902057756655
1004600050,73 EAST 4 STREET,C7,27.229547969253005,33710.18038593522,92.35665859160335,100.20473652685105,136.147739846265,40.72679057986979,-73.99028226716338
1004600051,71 EAST 4 STREET,C4,27.776308170209212,34387.069514719005,94.21114935539454,102.2168140663699,138.88154085104605,40.726823440204626,-73.99036158535696
1004600029,236 EAST 5 STREET,C1,65.84999202106009,81522.29012207239,223.3487400604723,242.32797063750115,329.24996010530043,40.72690026730638,-73.98974411625008
1004610035,87 2 AVENUE,C7,68.15699121193187,84378.35512037165,231.1735756722511,250.81772765990928,340.7849560596593,40.72704264823505,-73.9891919361074
1004610037,237 EAST 5 STREET,C7,30.850003773124158,38192.304671127706,104.63645115377453,113.52801388509691,154.25001886562077,40.727195223478404,-73.98938256392564
1004610046,221 EAST 5 STREET,C1,28.20107509626904,34912.93096918107,95.65186566898923,103.77995635427006,141.0053754813452,40.72746115630097,-73.99002251989121
1004600059,57 EAST 4 STREET,C4,29.30608621129954,36280.93472958883,99.3998211769557,107.8463972575823,146.5304310564977,40.72704614737547,-73.99092111805776
1004610053,207 EAST 5 STREET,C1,30.06256687477844,37217.457790975706,101.96563778349508,110.63024609918466,150.3128343738922,40.727695042434085,-73.99057658361653
1004610030,97 2 AVENUE,C7,36.55383068126478,45253.64238340579,123.98258187234464,134.51809690705437,182.76915340632388,40.72731757626406,-73.98900163940404
1004610012,208 EAST 6 STREET,C7,52.11286357557882,64515.72510656658,176.75541125086733,191.77533795813005,260.5643178778941,40.727916289485755,-73.99025996875962
1004630036,41 EAST 7 STREET,C7,36.40656605160186,45071.3287718831,123.48309252570712,133.97616306989482,182.03283025800928,40.72837011430545,-73.9885651639011
1004620017,36 EAST 7 STREET,C1,27.493527518787573,34036.98706825902,93.2520193650932,101.17618126913827,137.46763759393787,40.72816571173497,-73.9890472515976
1004620016,34 EAST 7 STREET,C7,25.698877463323097,31815.210299593993,87.16495972491505,94.57186906502899,128.49438731661547,40.72819788767923,-73.9891238021126
1004620015,32 EAST 7 STREET,C7,25.657031863435147,31763.405446932713,87.02302862173346,94.41787725744133,128.28515931717573,40.72823045313808,-73.98920192539815
1004630031,127 2 AVENUE,C7,13.889652361024742,17195.38962294863,47.11065650122912,51.113920688571056,69.4482618051237,40.7285011920525,-73.98824750689839
1004630030,129 2 AVENUE,C7,5.02908582594592,6226.008252521049,17.057556856222053,18.507035839480984,25.145429129729596,40.728565618318804,-73.98823951320881
1004630028,131 2 AVENUE,C7,0.07861458541757173,97.3248567469538,0.2666434431423392,0.2893016743366639,0.3930729270878586,40.72862601363371,-73.98824449917076
1004630027,34 1/2 ST MARKS PLACE,C7,17.257211534763208,21364.427880036852,58.53267912338863,63.5065384479286,86.28605767381603,40.72861886637975,-73.98832180376886
1004630024,30 ST MARKS PLACE,C7,32.141666743465635,39791.38342841045,109.01748884496014,118.28133361595354,160.70833371732817,40.728702530247475,-73.98857154498917
1004630021,24 ST MARKS PLACE,C7,29.952049913451756,37080.637792853275,101.59078847357061,110.22354368150246,149.76024956725877,40.728814480373295,-73.98882079266805
1004790009,196 MOTT STREET,C7,53.17938408447497,65836.07749658001,180.3728150591233,195.70013343086788,265.8969204223748,40.72110119483499,-73.99543329228807
1004790018,20 SPRING STREET,C7,30.179388199579503,37362.08259107942,102.36187011254637,111.06014857445257,150.8969409978975,40.72124552445613,-73.9951341364507
1004790014,26 SPRING STREET,C7,56.56349439686732,70025.60606332174,191.85097551594998,208.1536593804717,282.8174719843366,40.72138482384642,-73.99539262529358
1004800004,184 MULBERRY STREET,C7,59.616893223897016,73805.71381118451,202.20743509913564,219.39016706394102,298.08446611948506,40.72094082362407,-73.99639889655937
1004800029,193 MOTT STREET,C7,52.568326608665814,65079.58834152828,178.30024203158433,193.4514419198902,262.84163304332907,40.721131092768765,-73.99591439999752
1004920044,11 SPRING STREET,C0,33.549383611154745,41534.13691060957,113.79215591947829,123.46173168904946,167.74691805577373,40.721451835562846,-73.99451306302711
1004920004,196 ELIZABETH STREET,C7,28.85533784303111,35722.90824967251,97.87098150595209,106.18764326235448,144.27668921515553,40.721779852852954,-73.99428274594088
1004920005,198 ELIZABETH STREET,C7,40.73926611665598,50435.21145242011,138.17866151347974,149.920499309294,203.6963305832799,40.72186580357966,-73.99424484412957
1004940033,213 MOTT STREET,C6,25.115406280500874,31092.87297526008,85.18595335687694,92.42469511224321,125.57703140250436,40.722037712822264,-73.99551143626104
1004940032,215 MOTT STREET,C6,23.136239620466327,28642.664650137314,78.47305383599264,85.14136180331609,115.68119810233163,40.722105091392386,-73.9954848661714
1004950042,213 MULBERRY STREET,C7,22.060081988079048,27310.38150124186,74.82296301710099,81.1811017161309,110.30040994039524,40.722128251946046,-73.99641226468847
1004950040,217 MULBERRY STREET,C7,18.671020602288273,23114.723505632883,63.32800960447365,68.70935581642084,93.35510301144136,40.72224183374348,-73.9963593307396
1004950038,219 MULBERRY STREET,C7,32.24450914419541,39918.70232051392,109.3663077274354,118.65979365063912,161.22254572097705,40.72232719957582,-73.99632443465033
1004950031,239 MULBERRY STREET,C7,31.234769627179283,38668.64479844795,105.94149259848754,114.94395222801975,156.1738481358964,40.72281328784256,-73.99611360861431
1004950031,239 MULBERRY STREET,C7,31.234769627179283,38668.64479844795,105.94149259848754,114.94395222801975,156.1738481358964,40.72285782301159,-73.99632154750908
1004950030,241 MULBERRY STREET,C7,30.740767592455434,38057.070279459826,104.2659459711228,113.126024740236,153.70383796227716,40.72289250963865,-73.99614411033633
1004940009,240 MULBERRY STREET,C7,27.971914360795637,34629.229978665,94.87460268127396,102.93664484772795,139.85957180397818,40.722798141260775,-73.99571363547243
1004940010,242 MULBERRY STREET,C4,31.18157924636573,38602.79510700077,105.76108248493361,114.74821162662589,155.90789623182863,40.722860726254424,-73.99566129208486
1004730130,37B CROSBY STREET,C6,21.222546950083498,26273.51312420337,71.98222773754348,78.09897277630728,106.11273475041749,40.72082799266846,-73.99906147490505
1004820025,222 LAFAYETTE STREET,C7,40.39311096838261,50006.67137885767,137.00457912015798,148.64664836364798,201.96555484191302,40.722109627429234,-73.99766917680665
1004820024,224 LAFAYETTE STREET,C7,18.619515190248542,23050.959805527695,63.15331453569232,68.51981590011464,93.0975759512427,40.72214194573566,-73.99755523286086
1004940014,46 PRINCE STREET,C7,26.679077222959144,33028.69760202342,90.48958247129704,98.17900418048964,133.3953861147957,40.72316755837727,-73.99565388235335
1004950011,255 LAFAYETTE STREET,C7,193.77084405440868,239888.30493935794,657.2282327105697,713.076706120224,968.8542202720433,40.72334000529797,-73.99639724563893
1005100026,49 PRINCE STREET,C7,39.489383093520445,48887.85626977831,133.939332245968,145.32092978415525,197.44691546760222,40.72361612485105,-73.99587237383636
1005090014,280 MULBERRY STREET,C7,35.914804489820135,44462.527958397324,121.81514509149952,132.16648052253808,179.57402244910065,40.72434498185079,-73.99498637426022
1004640046,27 ST MARKS PLACE,C7,2.7748480235964874,3435.2618532124516,9.4116763101711,10.211440726835074,13.874240117982437,40.72906544948796,-73.98843992704602
1004640051,17 ST MARKS PLACE,C7,33.098605181115374,40976.073214220836,112.26321428553653,121.80286706650458,165.49302590557687,40.72932828059057,-73.98875754881345
1004610009,202 EAST 6 STREET,C7,34.646912227359984,42892.87733747166,117.51473243142921,127.50063699668475,173.23456113679993,40.72802497467233,-73.99046781311195
1005560015,85 EAST 10 STREET,C4,125.71211991614814,155631.6044561914,426.38795741422297,462.62060129142515,628.5605995807407,40.731162232564884,-73.98961541664417
