bbl,address,bldgclass,numfloors,yearbuilt,roof_area_m2_actual,canopy_area_m2,pv_kw_dc,annual_kwh,avg_daily_kwh,psh_daily_kwh
1002830072.0,162 EAST BROADWAY,C7,6.0,1900.0,,87.52382309463847,17.504764618927695,21670.898598232485,59.37232492666434,64.41753379765392
1002820054.0,94 EAST BROADWAY,C7,6.0,1900.0,,112.16675103596401,22.433350207192802,27772.48755650469,76.08900700412244,82.55472876246951
1002930028.0,88 DIVISION STREET,C7,6.0,1900.0,,129.31764461942328,25.863528923884658,32019.048807769206,87.7234213911485,95.17778643989554
1002920029.0,5 ELDRIDGE STREET,C7,6.0,1900.0,,149.30062011182287,29.860124022364573,36966.833539687344,101.2789959991434,109.88525640230162
1002920028.0,7 ELDRIDGE STREET,C7,6.0,1900.0,,108.60018639450806,21.720037278901614,26889.4061512802,73.66960589391836,79.92973718635794
1002920027.0,9 ELDRIDGE STREET,C7,6.0,1910.0,,105.53751207025203,21.10750241405041,26131.087988594405,71.59202188656002,77.67560888370551
1002920026.0,11 ELDRIDGE STREET,C7,6.0,1900.0,,156.717286057167,31.343457211433403,38803.20002775455,106.31013706234124,115.34392253807492
1002920025.0,13 ELDRIDGE STREET,C7,6.0,1900.0,,189.50237406450466,37.90047481290093,46920.787818371355,128.5501036119763,139.47374731147542
1002930020.0,3 ALLEN STREET,C7,6.0,1910.0,,133.5143211504564,26.70286423009128,33058.145916853005,90.57026278589865,98.26654036673591
1002930015.0,70 CANAL STREET,C7,6.0,1910.0,,142.2141113118407,28.44282226236814,35212.21396081176,96.47181907071715,104.66958592551475
1002940022.0,50 CANAL STREET,C7,6.0,1900.0,,147.02182215694148,29.4043644313883,36402.60316605871,99.73315935906496,108.20806110750894
1002970022.0,13 ESSEX STREET,C7,6.0,1900.0,,266.7669980168872,53.35339960337745,66051.50870898127,180.9630375588528,196.34051054042902
1002970022,13 ESSEX STREET,C7,,,,266.7669980168872,53.35339960337745,66051.50870898127,180.9630375588528,196.34051054042902
1002990030.0,19 ORCHARD STREET,C1,6.0,1900.0,,152.25392564170366,30.450785128340733,37698.07198888583,103.28238901064611,112.0588892722939
1002990027.0,25 ORCHARD STREET,C8,6.0,1900.0,,178.3601150088945,35.6720230017789,44161.96447620228,120.99168349644461,131.27304464654637
1002990022.0,35 ORCHARD STREET,C7,6.0,1910.0,,177.5018114061252,35.500362281225044,43949.44850415661,120.40944795659344,130.64133319490816
1002980018.0,56 HESTER STREET,C7,6.0,1930.0,,251.63421247223948,50.3268424944479,62304.631008126504,170.6976192003466,185.20278037956828
1002980018,56 HESTER STREET,C7,,,,251.63421247223948,50.3268424944479,62304.631008126504,170.6976192003466,185.20278037956828
1002980015.0,58 HESTER STREET,C7,6.0,1900.0,,290.6005459491206,58.12010918982412,71952.69517700226,197.1306717178144,213.88200181855274
1003100032.0,27 ESSEX STREET,C7,6.0,1910.0,,83.31925739882104,16.663851479764208,20629.84813194809,56.52013186835093,61.322973445532284
1003100024.0,43 ESSEX STREET,C7,6.0,1910.0,,171.1308394558049,34.22616789116098,42371.9958492573,116.0876598609789,125.95229783947241
1004090026.0,246 BROOME STREET,C7,6.0,1900.0,,161.48072494241543,32.296144988483086,39982.62749574206,109.54144519381387,118.84981355761775
1004090027.0,248 BROOME STREET,C7,6.0,1920.0,,145.85916505566098,29.171833011132197,36114.72926778166,98.94446374734702,107.35234548096649
1004090043.0,101 DELANCEY STREET,C7,6.0,1920.0,,233.0836131298027,46.61672262596054,57711.50261093915,158.11370578339492,171.5495392635348
1003530051.0,106 NORFOLK STREET,C7,6.0,1910.0,,196.4619481777041,39.29238963554082,48643.97836879954,133.27117361314941,144.59599385879022
1003530057.0,131 RIVINGTON STREET,C7,6.0,1920.0,,347.56893227108446,69.5137864542169,86058.06763032053,235.7755277543028,255.8107341515182
1003530024.0,129 RIVINGTON STREET,C7,6.0,1930.0,,205.7075794778219,41.14151589556438,50933.19667870871,139.54300459920194,151.40077849567692
1003100040.0,61 HESTER STREET,C7,6.0,1915.0,,237.86422032525908,47.57284406505182,58895.18095253415,161.3566601439292,175.0680661593907
1003100029.0,33 ESSEX STREET,C7,6.0,1900.0,,150.62322930727905,30.12464586145581,37294.311576482294,102.1761960999515,110.85869677015738
1003100026.0,39 ESSEX STREET,C7,6.0,1900.0,,137.98555555271886,27.597111110543775,34165.22355485319,93.60335220507723,101.5573688868011
1003090025.0,45 LUDLOW STREET,C7,6.0,1910.0,,123.19623894295196,24.639247788590396,30503.38876227491,83.57092811582167,90.67243186201266
1003080024.0,47 ORCHARD STREET,C7,6.0,1910.0,,139.12506151781676,27.825012303563355,34447.36523181143,94.37634310085323,102.39604527711315
1003090024.0,47 LUDLOW STREET,C7,6.0,1900.0,,128.0595452979612,25.61190905959224,31707.54341577519,86.86998196102792,94.25182533929944
1003100007.0,48 LUDLOW STREET,C7,6.0,1900.0,,219.53216145258173,43.90643229051635,54356.16317565924,148.92099500180615,161.57567082910018
1003090008.0,58 ORCHARD STREET,C7,6.0,1910.0,,144.879435841161,28.975887168232205,35872.14831427147,98.2798583952643,106.63126477909451
1004080020.0,67 LUDLOW STREET,C4,6.0,1900.0,,135.94709377630969,27.18941875526194,33660.50041901428,92.2205490931898,100.05706101936394
1004080014.0,245 BROOME STREET,C7,6.0,1900.0,,131.1374435593793,26.227488711875864,32469.63102530232,88.95789322000635,96.51715845970318
1004090029.0,250 BROOME STREET,C7,6.0,1890.0,,150.61524232244616,30.123048464489234,37292.33399903767,102.17077807955526,110.85281834932037
1003000004.0,42 ELDRIDGE STREET,C7,6.0,1930.0,,128.23933236922664,25.64786647384533,31752.05869462052,86.99194162909731,94.38414862375082
1003000005.0,44 ELDRIDGE STREET,C7,6.0,1930.0,,125.98692332508685,25.19738466501737,31194.362215291505,85.4640060692918,92.72637556726391
1003000006.0,46 ELDRIDGE STREET,C7,6.0,1930.0,,124.15576871804073,24.831153743608148,30740.968334586887,84.2218310536627,91.37864577647798
1003000007.0,48 ELDRIDGE STREET,C7,6.0,1910.0,,153.90462361470293,30.780924722940586,38106.78480700045,104.4021501561656,113.27380298042135
1003060035.0,107 HESTER STREET,C7,6.0,1913.0,,134.19359767318483,26.838719534636965,33226.334783880564,91.0310542024125,98.76648788746404
1003060032.0,73 ELDRIDGE STREET,C7,6.0,1920.0,,155.41272363189205,31.082544726378412,38480.190371256474,105.42517909933281,114.38376459307256
1003060031.0,75 ELDRIDGE STREET,C7,6.0,1910.0,,112.57567483038453,22.515134966076907,27873.73708800321,76.36640298083071,82.85569667516302
1003060007.0,74 FORSYTH STREET,C7,6.0,1900.0,,151.8944122294534,30.37888244589068,37609.05646801266,103.03851087126758,111.79428740087769
1003060028.0,81 ELDRIDGE STREET,C7,6.0,1910.0,,136.89516336884677,27.379032673769355,33895.24245012646,92.86367794555196,100.75484023947122
1003060009.0,78 FORSYTH STREET,C7,6.0,1900.0,,148.80672925514872,29.761345851029745,36844.54616357482,100.94396209198581,109.52175273178946
1003060023.0,289 GRAND STREET,C7,6.0,1900.0,,168.61391739611958,33.722783479223914,41748.80594727921,114.38029026651837,124.099843203544
1003060001.0,119 HESTER STREET,C7,6.0,1910.0,,203.79663365036612,40.75932673007323,50460.04649183065,138.24670271734425,149.99432236666948
1004230025.0,111 CHRYSTIE STREET,C7,6.0,1900.0,,148.52014839025426,29.704029678050855,36773.58874142696,100.7495581956903,109.31082921522714
1004130049.0,75 ORCHARD STREET,C7,6.0,1910.0,,232.1425257080571,46.428505141611424,57478.48936531494,157.47531332962998,170.85689892113004
1004130045.0,81 ORCHARD STREET,C7,6.0,1910.0,,230.61019195923308,46.122038391846615,57099.08352910611,156.43584528522223,169.72910128199555
1004130014.0,277 BROOME STREET,C7,6.0,1900.0,,264.41887618195676,52.88377523639136,65470.1137426525,179.37017463740412,194.6122928699202
1004130012.0,281 BROOME STREET,C7,6.0,1900.0,,204.307316926565,40.861463385313,50586.491671017495,138.59312786580136,150.37018525795185
1004130002.0,108 ELDRIDGE STREET,C7,6.0,1900.0,,200.01448655643986,40.002897311287974,49523.586871374515,135.68105992157402,147.21066210553974
1004130004.0,112 ELDRIDGE STREET,C7,6.0,1909.0,,169.29175846498154,33.85835169299631,41916.63939592943,114.84010793405324,124.59873423022641
1004180047.0,109 ELDRIDGE STREET,C7,6.0,1900.0,,145.39383912732933,29.078767825465867,35999.514567926744,98.62880703541573,107.0098655977144
1004090031.0,252 BROOME STREET,C7,6.0,1890.0,,149.7701346090048,29.95402692180096,37083.08532918959,101.59749405257422,110.23081907222752
1004090033.0,254 BROOME STREET,C7,6.0,1900.0,,147.94653286213617,29.589306572427233,36631.561536664914,100.36044256620525,108.88864818653222
1004090034.0,256 BROOME STREET,C7,6.0,1920.0,,189.27427487209204,37.85485497441841,46864.31045832999,128.3953711187123,139.30586630585975
1004140059.0,260 BROOME STREET,C7,6.0,1900.0,,180.66108105396316,36.132216210792635,44731.68366896128,122.5525579971542,132.9665556557169
1004140059,260 BROOME STREET,C7,,,,180.66108105396316,36.132216210792635,44731.68366896128,122.5525579971542,132.9665556557169
1004180046.0,111 ELDRIDGE STREET,C7,6.0,1900.0,,146.60206509363067,29.320413018726136,36298.671317182954,99.44841456762454,107.89911990891217
1004130010.0,285 BROOME STREET,C7,6.0,1900.0,,201.72756010583274,40.34551202116655,49947.74388220419,136.8431339238471,148.4714842378929
1004130008.0,289 BROOME STREET,C7,6.0,1909.0,,238.1137233056806,47.622744661136124,58956.95789048652,161.5259120287302,175.25170035298095
1004180044.0,291 BROOME STREET,C7,6.0,1900.0,,128.45329078423094,25.69065815684619,31805.034798175584,87.13708163883722,94.54162201719397
1004140028.0,284 BROOME STREET,C7,6.0,1900.0,,210.63394690614624,42.12678938122925,52152.96525396181,142.88483631222414,155.02658492292366
1004150078.0,80 DELANCEY STREET,C7,6.0,1920.0,,365.0443605675458,73.00887211350917,90384.98367652435,247.63009226445027,268.67264937771375
1004140003.0,138 ELDRIDGE STREET,C7,6.0,1900.0,,139.79631645240528,27.959263290481058,34613.56795361555,94.83169302360425,102.89008890897028
1004140018.0,61 DELANCEY STREET,C7,6.0,1900.0,,165.8824901398886,33.17649802797772,41072.50455863642,112.52740974968883,122.08951274295801
1004140005.0,55 DELANCEY STREET,C7,6.0,1900.0,,285.0160374797009,57.00320749594019,70569.97087997396,193.3423859725314,209.7718035850599
1004100025.0,109 LUDLOW STREET,C7,6.0,1920.0,,202.80448241582656,40.560896483165315,50214.38984615866,137.57367081139358,149.26409905804834
1004100002.0,122 ORCHARD STREET,C7,6.0,1910.0,,166.316756123458,33.2633512246916,41180.0288161682,112.8219967566252,122.40913250686506
1004100022.0,117 LUDLOW STREET,C7,6.0,1900.0,,111.0918973812862,22.21837947625724,27506.353791606463,75.35987340166155,81.76363647262664
1004150035.0,123 ALLEN STREET,C7,6.0,1900.0,,169.44392352219703,33.88878470443941,41954.31546409599,114.94333003861915,124.71072771233702
1004150033.0,125 ALLEN STREET,C7,6.0,1900.0,,133.23634804250895,26.64726960850179,32989.31977532522,90.38169801458963,98.06195215928659
1004100011.0,85 RIVINGTON STREET,C7,6.0,1920.0,,184.33758252948493,36.86751650589699,45641.98543430047,125.04653543643964,135.67246074170092
1003530020.0,121 RIVINGTON STREET,C7,6.0,1920.0,,257.8008732091043,51.56017464182086,63831.49620657422,174.8808115248609,189.74144268190076
1004100037.0,110 LUDLOW STREET,C7,6.0,1900.0,,136.82196824945683,27.36439364989137,33877.11933856551,92.814025585111,100.70096863160023
1004100043.0,122 LUDLOW STREET,C7,6.0,1920.0,,131.20197249793512,26.240394499587026,32485.60839048874,89.00166682325681,96.56465175848025
1004100044.0,124 LUDLOW STREET,C7,6.0,1900.0,,129.8847278086743,25.976945561734865,32159.458605427764,88.10810576829525,95.5951596671843
1004100018.0,123 LUDLOW STREET,C7,6.0,1900.0,,199.3153873494023,39.863077469880466,49350.48990771201,135.20682166496442,146.69612508916012
1004100046.0,101 RIVINGTON STREET,C7,6.0,1910.0,,246.19652463535797,49.2393049270716,60958.259499714644,167.0089301362045,181.20064213162348
1003540034.0,126 RIVINGTON STREET,C7,6.0,1900.0,,123.21486447351107,24.642972894702215,30508.000443641344,83.58356285929135,90.68614025250415
1004110075.0,100 RIVINGTON STREET,C7,6.0,1900.0,,268.7041743410285,53.740834868205695,66531.15356683865,182.27713305983193,197.76627231499697
1004110034.0,94 RIVINGTON STREET,C7,6.0,1920.0,,212.85845870159105,42.571691740318215,52703.75437451395,144.39384760140808,156.66382560437103
1004110042.0,138 LUDLOW STREET,C7,6.0,1920.0,,238.81996737795941,47.76399347559189,59131.82392278276,162.00499704871987,175.77149599017815
1004110039.0,86 RIVINGTON STREET,C7,6.0,1920.0,,142.55779575862513,28.511559151725027,35297.31022983558,96.70495953379611,104.92253767834809
1004160069.0,78 RIVINGTON STREET,C7,6.0,1920.0,,215.20604265137882,43.04120853027577,53285.0161604814,145.98634564515453,158.39164739141484
1004160068.0,145 ORCHARD STREET,C7,6.0,1900.0,,154.2097365671668,30.841947313433362,38182.3307740305,104.60912540830275,113.49836611343477
1004160067.0,147 ORCHARD STREET,C7,6.0,1900.0,,150.33807309891847,30.067614619783697,37223.706899292214,101.98275862819784,110.648821800804
1004160066.0,149 ORCHARD STREET,C7,6.0,1900.0,,157.59802226587092,31.519604453174185,39021.27031302964,106.90758989871135,115.992144387681
1004160065.0,151 ORCHARD STREET,C7,6.0,1900.0,,143.44225579132234,28.68845115826447,35516.30253393141,97.30493844912715,105.57350026241325
1004160064.0,153 ORCHARD STREET,C7,6.0,1900.0,,149.85293632735082,29.970587265470165,37103.58703465207,101.6536631086358,110.2917611369302
1004110027.0,143 LUDLOW STREET,C7,6.0,1920.0,,164.15897071394613,32.83179414278923,40645.76114877306,111.35824972266592,120.82100244546434
1004110003.0,150 ORCHARD STREET,C7,6.0,1920.0,,179.73032103219612,35.946064206439225,44501.22748757176,121.92117119882674,132.28151627969635
1004110005,154 ORCHARD STREET,C7,,,,154.8799375210013,30.975987504200262,38348.27253019992,105.06376035671212,113.99163401545695
1004110005.0,154 ORCHARD STREET,C7,6.0,1920.0,,154.8799375210013,30.975987504200262,38348.27253019992,105.06376035671212,113.99163401545695
1004110021.0,153 LUDLOW STREET,C7,6.0,1900.0,,130.47845514345167,26.095691028690336,32306.465493518637,88.51086436580448,96.03214298558044
1004110009.0,162 ORCHARD STREET,C7,6.0,1930.0,,124.27481250625408,24.854962501250817,30770.44357654851,84.30258514122879,91.46626200460301
1004180037.0,305 BROOME STREET,C7,6.0,1900.0,,229.97722252031153,45.995444504062306,56942.36029602913,156.00646656446338,169.2632357749493
1004140031.0,288 BROOME STREET,C7,6.0,1900.0,,172.35540248005137,34.47108049601027,42675.19765406072,116.91834973715267,126.85357622531781
1004140032.0,128 ELDRIDGE STREET,C6,6.0,1900.0,,154.49301933055142,30.898603866110285,38252.47158624453,104.8012920171083,113.70686222728585
1004230017.0,327 BROOME STREET,C2,6.0,2024.0,,146.82787344670172,29.365574689340345,36354.581465403346,99.60159305589957,108.06531485677247
1004190040.0,110 FORSYTH STREET,C6,6.0,1900.0,,358.84430582317714,71.76886116463542,88849.85012181866,243.4242469090922,264.1094090858584
1004190066.0,135 ELDRIDGE STREET,C7,6.0,1900.0,,262.43692391138586,52.487384782277175,64979.382360459145,178.02570509714835,193.15357599877998
1004190065.0,139 ELDRIDGE STREET,C7,6.0,1900.0,,144.1529114552556,28.830582291051122,35692.26087632129,97.7870160995104,106.09654283106813
1004190063.0,47 DELANCEY STREET,C7,6.0,1920.0,,333.15153027866285,66.63030605573258,82488.31889699693,225.99539423834776,245.19952628509589
1004240040.0,334 BROOME STREET,C7,6.0,1900.0,,189.31854117420494,37.86370823484099,46875.27079473315,128.42539943762506,139.33844630421484
1004240029.0,135 CHRYSTIE STREET,C7,6.0,1910.0,,272.1124303421737,54.42248606843474,67375.03775272222,184.58914452800607,200.27474873183985
1004240029,135 CHRYSTIE STREET,C7,,,,272.1124303421737,54.42248606843474,67375.03775272222,184.58914452800607,200.27474873183985
1004240026.0,9 DELANCEY STREET,C7,6.0,1900.0,,124.95796950020271,24.99159390004054,30939.593248250192,84.7660088993156,91.96906555214919
1004250041.0,10 DELANCEY STREET,C7,6.0,1900.0,,169.8162389067156,33.96324778134312,42046.50075330278,115.19589247480214,124.98475183534268
1004250041,10 DELANCEY STREET,C7,,,,169.8162389067156,33.96324778134312,42046.50075330278,115.19589247480214,124.98475183534268
1004780012.0,164 ELIZABETH STREET,C7,6.0,1900.0,,199.74769361701044,39.94953872340209,49457.52893957179,135.50007928649805,147.0143025021197
1004780013.0,166 ELIZABETH STREET,C7,6.0,1908.0,,145.14880472671007,29.029760945342016,35938.84405033341,98.46258643926963,106.82952027885861
1004780014.0,168 ELIZABETH STREET,C7,6.0,1900.0,,99.2054843949889,19.84109687899778,24563.277936199254,67.29665187999795,73.01523651471183
1004250026.0,17 RIVINGTON STREET,C7,6.0,1900.0,,175.62524756130688,35.12504951226138,43484.811296179585,119.1364693046016,129.26018220512185
1004260044.0,8 RIVINGTON STREET,C7,6.0,1920.0,,189.94127004154538,37.98825400830908,47029.45846228664,128.84783140352505,139.7967747505774
1004260002.0,217 BOWERY,C7,6.0,1900.0,,180.15237750239731,36.03047550047946,44605.728669593576,122.2074758071057,132.5921498417644
1004260022.0,13 STANTON STREET,C7,6.0,1920.0,,98.82507348443669,19.765014696887338,24469.088194746524,67.0385977938261,72.7352540845454
1004920007.0,202 ELIZABETH STREET,C7,6.0,1900.0,,190.85549111757464,38.17109822351493,47255.81960071148,129.46799890605885,140.46964146253495
1004930009.0,228 MOTT STREET,C4,6.0,1900.0,,132.90697601213205,26.58139520242641,32907.7672606039,90.15826646740794,97.8195343449292
1004930010.0,230 MOTT STREET,C7,6.0,1900.0,,125.2775979292839,25.055519585856782,31018.733247290696,84.98283081449506,92.20431207595296
1004930012.0,234 MOTT STREET,C4,6.0,1900.0,,124.71023698836133,24.94204739767227,30878.25467831827,84.59795802278978,91.78673442343394
1004930017.0,20 PRINCE STREET,C7,6.0,1900.0,,324.1278504026143,64.82557008052287,80254.05575968731,219.87412536900632,238.55809789632414
1005070001.0,13 PRINCE STREET,C7,6.0,1910.0,,194.0495745118965,38.809914902379305,48046.67464914558,131.63472506615227,142.82048684075582
1004930013.0,30 PRINCE STREET,C7,6.0,1900.0,,197.3135861245751,39.462717224915025,48854.8439244448,133.84888746423232,145.2227993876873
1005080046.0,17 PRINCE STREET,C7,6.0,1914.0,,106.32465432596257,21.264930865192515,26325.984411108333,72.12598468796804,78.25494558390845
1005070004.0,232 ELIZABETH STREET,C7,6.0,1910.0,,182.06805066300444,36.41361013260089,45080.049344159896,123.50698450454766,134.00208528797125
1002920010.0,28 FORSYTH STREET,C7,6.0,1900.0,,181.3000748665327,36.26001497330654,44889.89853695349,122.98602338891368,133.43685510176806
1003030020.0,122 HESTER STREET,C7,6.0,1910.0,,167.1365937990762,33.42731875981524,41383.02062465127,113.3781386976747,123.01253303612009
1003040035.0,75 CHRYSTIE STREET,C7,6.0,1910.0,,355.9225830000561,71.18451660001122,88126.4315508139,241.44227822140795,261.95902108804125
1003040031.0,83 CHRYSTIE STREET,C7,6.0,1910.0,,253.71573784782254,50.74314756956451,62820.016691120865,172.10963477019416,186.7347830559974
1002030015.0,58 ELIZABETH STREET,C7,6.0,1900.0,,291.18153713006245,58.236307426012495,72096.54859340347,197.52479066685882,214.30961132772597
1002030015,58 ELIZABETH STREET,C7,,,,291.18153713006245,58.236307426012495,72096.54859340347,197.52479066685882,214.30961132772597
1002050023.0,111 MOTT STREET,C7,6.0,1900.0,,136.85074516249455,27.37014903249891,33884.244502233654,92.83354658146207,100.722148439596
1002050018.0,174 HESTER STREET,C7,6.0,1910.0,,137.93476488953922,27.586952977907846,34152.64778664991,93.5688980456162,101.51998695870087
1003040030.0,85 CHRYSTIE STREET,C7,6.0,1910.0,,148.06303923829017,29.612607847658037,36660.408515400646,100.4394753846593,108.97439687938157
1003040029.0,87 CHRYSTIE STREET,CB,6.0,1900.0,,138.01933862237593,27.603867724475187,34173.58824290028,93.6262691586309,101.5822332260687
1002380040.0,173 HESTER STREET,C7,6.0,1910.0,,348.64350465812095,69.72870093162419,86324.13175335075,236.50447055712536,256.601619428377
1002370029.0,121 MOTT STREET,C7,6.0,1912.0,,195.20566252283922,39.04113250456785,48332.922040654994,132.4189644949452,143.67136761680968
1002370028.0,123 MOTT STREET,C7,6.0,1912.0,,167.46812416058737,33.493624832117476,41465.10754216144,113.60303436208613,123.2565393821923
1002380004.0,124 MOTT STREET,C7,6.0,1912.0,,255.06188614447805,51.012377228895616,63153.323009372776,173.02280276540486,187.72554820233586
1002390008.0,84 ELIZABETH STREET,C7,6.0,1910.0,,135.7021278169871,27.140425563397418,33599.846847486006,92.0543749246192,99.87676607330249
1002390010.0,88 ELIZABETH STREET,C7,6.0,1910.0,,130.85785867784818,26.17157173556964,32400.405808635212,88.76823509215127,96.31138398689626
1002390011.0,90 ELIZABETH STREET,C7,6.0,1900.0,,140.97044775367561,28.194089550735125,34904.282863810084,95.62817222961667,103.75424954670525
1002380027.0,83 ELIZABETH STREET,C7,6.0,1900.0,,270.7771674749475,54.155433494989495,67044.426666797,183.68336073095065,199.29199526156134
1002380027,83 ELIZABETH STREET,C7,,,,270.7771674749475,54.155433494989495,67044.426666797,183.68336073095065,199.29199526156134
1002380023.0,91 ELIZABETH STREET,C7,6.0,1910.0,,191.39700092402978,38.27940018480596,47389.89742878977,129.83533542134185,140.8681926800859
1002380021.0,95 ELIZABETH STREET,C7,6.0,1910.0,,194.12153161024222,38.82430632204844,48064.49122669597,131.68353760738623,142.87344726513828
1002380014.0,209 GRAND STREET,C7,6.0,1900.0,,227.4479581108173,45.48959162216346,56316.11442823836,154.290724460927,167.40169716956154
1002390012.0,92 ELIZABETH STREET,C7,6.0,1912.0,,486.8108404445917,97.36216808891834,120534.3640940809,330.23113450433124,358.2927785672195
1004700031.0,208 GRAND STREET,C7,6.0,1920.0,,128.60546492959855,25.72109298591971,31842.7131165686,87.24030990840713,94.65362218818454
1004700032.0,206 GRAND STREET,C7,6.0,1909.0,,157.40315135867726,31.480630271735453,38973.02027640849,106.7753980175575,115.84871939998646
1004710052.0,200 GRAND STREET,C7,6.0,1910.0,,312.01907945665846,62.403815891331696,77255.92407346865,211.6600659547086,229.64604248010065
1002370012.0,191 GRAND STREET,C7,6.0,1900.0,,308.58798999910084,61.71759799982017,76406.38632377738,209.33256527062295,227.12076063933824
1002060016.0,182 HESTER STREET,C7,6.0,1910.0,,178.1591935643371,35.63183871286742,44112.216326529866,120.85538719597224,131.1251664633521
1002060012.0,190 HESTER STREET,C7,6.0,1910.0,,153.81192496986722,30.762384993973445,38083.83262253912,104.3392674590113,113.20557677782227
1002370036.0,191 HESTER STREET,C7,6.0,1900.0,,109.39808329107692,21.879616658215383,27086.965422870646,74.21086417224835,80.51698930223262
1002360033.0,197 HESTER STREET,C7,6.0,1910.0,,283.8854486783454,56.77708973566909,70290.03709275833,192.57544408974886,208.93969022726225
1002370011.0,146 MULBERRY STREET,C7,6.0,1900.0,,170.86023052849424,34.17204610569885,42304.99307885517,115.90409062700047,125.75312966897175
1002350016.0,150 BAXTER STREET,C7,6.0,1900.0,,171.53082442652033,34.306164885304064,42471.03212800643,116.35899213152447,126.24668677791895
1004730044.0,178 LAFAYETTE STREET,C7,6.0,1906.0,,134.4280051950096,26.885601039001923,33284.37408628438,91.19006598982021,98.93901182352708
1004700038.0,118 ELIZABETH STREET,C7,6.0,1900.0,,139.282963399283,27.856592679856604,34486.461737662474,94.48345681551362,102.51226106187231
1004700039.0,120 ELIZABETH STREET,C7,6.0,1900.0,,147.82934513410055,29.56586902682011,36602.545855203294,100.28094754850217,108.802398018698
1004700021.0,119 ELIZABETH STREET,C7,6.0,1921.0,,253.39006720665557,50.67801344133112,62739.38064036793,171.8887140831998,186.4950894640985
1004700042.0,126 ELIZABETH STREET,C4,6.0,1900.0,,148.79129736850655,29.75825947370131,36840.72522844222,100.93349377655403,109.51039486322082
1004700004.0,158 MOTT STREET,C7,6.0,1905.0,,122.17289350091274,24.43457870018255,30250.008430825994,82.87673542692053,89.91924961667178
1004700007.0,164 MOTT STREET,C7,6.0,1900.0,,127.95246100101717,25.590492200203435,31681.029343851853,86.79734066808727,94.17301129674864
1004710021.0,163 MULBERRY STREET,C7,6.0,1900.0,,135.31472749684673,27.06294549936935,33503.92652821925,91.79157952936781,99.59163943767919
1004710020.0,165 MULBERRY STREET,C7,6.0,1920.0,,137.81355080582946,27.562710161165896,34122.63517952338,93.48667172472159,101.43077339309049
1004710018.0,169 MULBERRY STREET,C7,6.0,1914.0,,131.05940359034494,26.21188071806899,32450.308328969408,88.90495432594358,96.45972104249388
1004710017.0,171 MULBERRY STREET,C7,6.0,1900.0,,169.6739141639964,33.93478283279928,42011.261147005505,115.09934560823426,124.88000082470136
1004790035.0,358 BROOME STREET,C7,6.0,1900.0,,250.1195401549502,50.02390803099004,61929.59814236567,169.67013189689226,184.08798155404335
1004790031.0,149 ELIZABETH STREET,C7,6.0,1900.0,,255.36482192416685,51.07296438483337,63228.32990842371,173.22830111896906,187.9485089361868
1004700009,365 BROOME STREET,C7,,,,470.2595336238099,94.05190672476198,116436.26052525533,319.0034534938502,346.11101674712404
1004700009.0,365 BROOME STREET,C7,6.0,1900.0,,470.2595336238099,94.05190672476198,116436.26052525533,319.0034534938502,346.11101674712404
1004710044.0,171 MOTT STREET,C7,6.0,1900.0,,104.67805932884553,20.935611865769108,25918.287489822156,71.00900682143056,77.04305166603031
1004710043.0,373 BROOME STREET,C7,6.0,1900.0,,231.0807361908004,46.21614723816008,57215.59028084218,156.75504186532103,170.0754218364291
1004810035.0,390 BROOME STREET,C7,6.0,1900.0,,222.4851330608041,44.49702661216082,55087.3189458551,150.92416149549342,163.74905793275184
1004800041.0,384 BROOME STREET,C7,6.0,1900.0,,338.1821491421404,67.63642982842809,83733.90012759398,229.407945555052,248.90206176861534
1004800041,384 BROOME STREET,C7,,,,338.1821491421404,67.63642982842809,83733.90012759398,229.407945555052,248.90206176861534
1004790003.0,184 MOTT STREET,C7,6.0,1900.0,,263.1593008714913,52.63186017429827,65158.24289578126,178.51573396104453,193.6852454414176
1004790005.0,192 MOTT STREET,C7,6.0,1900.0,,271.6881304709438,54.337626094188764,67269.98110460569,184.30131809481009,199.96246402661464
1004810039.0,396 BROOME STREET,C7,6.0,1900.0,,133.50229614531224,26.70045922906245,33055.16852557931,90.56210554953236,98.25768996294981
1004810033.0,183 MULBERRY STREET,C7,6.0,1920.0,,303.7103267003252,60.74206534006504,75198.67689100052,206.02377230411102,223.53080045143935
1004810033,183 MULBERRY STREET,C7,,,,303.7103267003252,60.74206534006504,75198.67689100052,206.02377230411102,223.53080045143935
1004810032.0,86 KENMARE STREET,C7,6.0,1900.0,,287.9669706777543,57.59339413555087,71300.62193981197,195.344169698115,211.9436904188272
1004810028.0,195 MULBERRY STREET,C7,6.0,1900.0,,331.16858909936195,66.2337178198724,81997.34266100203,224.65025386575897,243.74008157713038
1003410075.0,157 BROOME STREET,C6,6.0,1910.0,,374.968760157943,74.9937520315886,92842.26501510669,254.3623699044019,275.97700747624606
1003480032.0,107 CLINTON STREET,C7,6.0,1920.0,,165.8074016956813,33.16148033913626,41053.91265985069,112.47647304068683,122.03424764802145
1003480031.0,105 CLINTON STREET,C7,6.0,1920.0,,165.80681033047208,33.16136206609442,41053.76623782489,112.47607188445176,122.03381240322744
1003530049.0,102 NORFOLK STREET,C7,6.0,1910.0,,238.24982434877973,47.64996486975595,58990.656508757864,161.61823701029553,175.35187072070187
1003480073.0,172 DELANCEY STREET,C6,6.0,1920.0,,154.4605761176107,30.892115223522143,38244.43864672042,104.77928396361759,113.68298402256148
1003480074.0,170 DELANCEY STREET,C7,6.0,1920.0,,147.15629248221364,29.43125849644273,36435.8980185961,99.82437813313999,108.30703126690923
1003480076.0,168 1/2 DELANCEY STREET,C7,6.0,1900.0,,121.13611688245916,24.227223376491835,29993.30254009689,82.17343161670381,89.15618202548995
1003480053.0,173 RIVINGTON STREET,C6,6.0,1920.0,,208.12770885318784,41.62554177063757,51532.42071204931,141.18471427958715,153.18199371594625
1003480007.0,110 SUFFOLK STREET,C6,6.0,1920.0,,153.44768381150422,30.689536762300847,37993.646511728446,104.09218222391355,112.93749528526712
1003480021.0,163 RIVINGTON STREET,C7,6.0,1920.0,,189.79104088344752,37.9582081766895,46992.261722741605,128.7459225280592,139.68620609021738
1003440173.0,72 CLINTON STREET,C6,6.0,1925.0,,196.45117236681347,39.290234473362695,48641.31027802302,133.26386377540553,144.58806286197472
1003440146.0,42 CLINTON STREET,C7,6.0,1920.0,,15.01288211229906,3.0025764224598124,3717.1896110052476,10.184081126041773,11.04948123465211
1003490032.0,158 RIVINGTON STREET,C7,6.0,1900.0,,92.83552095684195,18.56710419136839,22986.074988914068,62.975547914833065,68.32694342423568
1003490027.0,63 CLINTON STREET,C4,6.0,1920.0,,152.03241225057948,30.4064824501159,37643.225273243486,103.13212403628353,111.89585541642651
1003490026.0,61 CLINTON STREET,C4,6.0,1920.0,,149.88924278171518,29.977848556343037,37112.57651275268,101.67829181576077,110.31848268734237
1003550067.0,157 SUFFOLK STREET,C1,6.0,1900.0,,270.6681437902035,54.1336287580407,67017.43240245439,183.60940384234078,199.21175382958978
1003500007.0,178 SUFFOLK STREET,C6,6.0,1910.0,,195.3159511803281,39.06319023606562,48360.22951224924,132.49377948561437,143.7525400687215
1003550062,167 SUFFOLK STREET,C4,,,,195.3159511803281,39.06319023606562,48360.22951224924,132.49377948561437,143.7525400687215
1003550044.0,178 NORFOLK STREET,C7,6.0,1900.0,,163.0174218654503,32.60348437309006,40363.1136538855,110.58387302434383,119.98082249297143
1003550046.0,184 NORFOLK STREET,C4,6.0,1900.0,,303.92514085618376,60.78502817123675,75251.8648759911,206.1694928109345,223.68890367015126
1003550046,184 NORFOLK STREET,C4,,,,303.92514085618376,60.78502817123675,75251.8648759911,206.1694928109345,223.68890367015126
1003550048.0,188 NORFOLK STREET,C4,6.0,1900.0,,108.93700612241301,21.787401224482604,26972.802715909464,73.89808963262867,80.17763650609598
1004290045.0,114 EAST 1 STREET,C7,6.0,1920.0,,233.49974406718985,46.69994881343797,57814.53663103621,158.39599076996222,171.8558116334517
1004290047.0,110 EAST 1 STREET,C1,6.0,1900.0,,197.459448698571,39.4918897397142,48890.95949776618,133.9478342404553,145.33015424214827
1004150072.0,127 ORCHARD STREET,C7,6.0,1920.0,,266.2825368976462,53.25650737952924,65931.5561358572,180.6344003722115,195.9839471566676
1004150032.0,127 ALLEN STREET,C7,6.0,1910.0,,135.05971386895067,27.011942773790135,33440.78515395219,91.61858946288271,99.4039494075477
1004150025.0,139 ALLEN STREET,C7,6.0,1910.0,,173.22830166697747,34.6456603333955,42891.32749274363,117.51048628148939,127.49603002689543
1004150012.0,176 ELDRIDGE STREET,C7,6.0,1920.0,,376.9996262861706,75.39992525723413,93345.10746845586,255.7400204615229,277.4717249466216
1004150012,176 ELDRIDGE STREET,C7,,,,376.9996262861706,75.39992525723413,93345.10746845586,255.7400204615229,277.4717249466216
1004150022.0,145 ALLEN STREET,C7,6.0,1900.0,,97.7510406852479,19.55020813704958,24203.15767366738,66.31002102374624,71.94476594434245
1004160032.0,66 RIVINGTON STREET,C7,6.0,1900.0,,229.94029307947767,45.98805861589554,56933.21656647868,155.98141525062653,169.23605570649556
1004160063.0,155 ORCHARD STREET,C7,6.0,1900.0,,151.6017137735785,30.3203427547157,37536.58433033804,102.83995706941928,111.57886133735377
1004160062.0,157 ORCHARD STREET,C7,6.0,1900.0,,159.36386905257177,31.872773810514357,39458.49397741677,108.10546295182678,117.29180762269283
1004160055.0,85 STANTON STREET,C6,6.0,1900.0,,136.52713414542973,27.305426829085945,33804.1184144084,92.61402305317371,100.48397073103628
1004210078.0,42 RIVINGTON STREET,C7,6.0,1900.0,,259.84892797115276,51.96978559423056,64338.59456565743,176.2701220976916,191.24881098676846
1004210080.0,40 RIVINGTON STREET,C7,6.0,1900.0,,140.37447531414392,28.074895062828787,34756.720087782036,95.22389065145764,103.31561383120993
1004210043.0,172 FORSYTH STREET,C6,6.0,1900.0,,173.24868170633147,34.6497363412663,42896.373590487674,117.52431120681554,127.51102973585996
1004220064.0,231 ELDRIDGE STREET,C7,6.0,1900.0,,191.0999406120948,38.21998812241896,47316.345295554675,129.63382272754706,140.64955629050175
1004220062.0,233 ELDRIDGE STREET,C7,6.0,1900.0,,190.36924070188144,38.07384814037629,47135.42399778585,129.13814793913932,140.11176115658475
1004220060.0,237 ELDRIDGE STREET,C6,6.0,1900.0,,262.6863116300056,52.53726232600113,65041.130759589396,178.19487879339562,193.33712535968414
1004220057.0,245 ELDRIDGE STREET,C7,6.0,1900.0,,184.92072331478568,36.984144662957135,45786.371092740934,125.44211258285188,136.10165235968225
1004170019.0,201 ALLEN STREET,C7,6.0,1900.0,,186.2412629717587,37.24825259435174,46113.33671180745,126.33790879947247,137.07356954721442
1004170018.0,159 EAST HOUSTON STREET,C7,6.0,1900.0,,337.2413635450595,67.4482727090119,83500.96161375674,228.76975784590886,248.2096435691638
1004420021.0,49 EAST 1 STREET,C6,6.0,1920.0,,199.8831166266242,39.976623325324844,49491.05967675216,135.59194431986893,147.1139738371954
1004120040.0,162 LUDLOW STREET,C7,6.0,1900.0,,154.6546763096356,30.930935261927118,38292.49785426577,104.91095302538567,113.82584176389179
1004120035.0,161 LUDLOW STREET,C4,6.0,1900.0,,155.8089035433425,31.161780708668502,38578.2845173316,105.69393018447015,114.67535300790007
1004110018.0,101 STANTON STREET,C7,6.0,1920.0,,150.48648870932067,30.097297741864136,37260.4546044278,102.08343727240494,110.75805569006002
1004110011.0,166 ORCHARD STREET,C7,6.0,1920.0,,132.23889709740445,26.44777941948089,32742.350921317342,89.70507101730779,97.32782826368968
1004120001.0,172 ORCHARD STREET,C7,6.0,1920.0,,188.35418918283239,37.67083783656648,46636.4972416693,127.77122531964191,138.62868323856463
1004170068.0,86 STANTON STREET,C7,6.0,1920.0,,147.92444343330578,29.58488868666116,36626.092194086516,100.34545806599046,108.87239036691307
1004170056.0,185 EAST HOUSTON STREET,C7,6.0,1900.0,,332.63439836312085,66.52687967262418,82360.27703470874,225.64459461564036,244.81891719525694
1004170056,185 EAST HOUSTON STREET,C7,,,,332.63439836312085,66.52687967262418,82360.27703470874,225.64459461564036,244.81891719525694
1004170054.0,179 EAST HOUSTON STREET,C7,6.0,1900.0,,133.31687088021155,26.66337417604231,33009.257229940384,90.43632117791886,98.12121696783571
1004290005.0,18 1 AVENUE,C7,6.0,1900.0,,231.6776327288347,46.335526545766946,57363.38186365948,157.15995031139585,170.51473768842234
1004430050.0,54 EAST 1 STREET,C6,6.0,1910.0,,143.92567039611137,28.785134079222274,35635.99599007718,97.63286572623885,105.92929341153797
1005080044.0,233 ELIZABETH STREET,C7,6.0,1910.0,,207.5226343616354,41.504526872327084,51382.60426794093,140.77425826833132,152.73665889016365
1005080053.0,31 PRINCE STREET,C7,6.0,1910.0,,162.44166283731315,32.48833256746263,40220.555718518735,110.19330333840749,119.55706384826247
1005080042.0,239 ELIZABETH STREET,CB,6.0,1914.0,,99.08435137901394,19.81687027580279,24533.285401443853,67.21448055190096,72.92608261495427
1005080001,246 MOTT STREET,C7,,,,522.885696412388,104.57713928247762,129466.4984317073,354.70273542933506,384.84387255951765
1005080001.0,246 MOTT STREET,C7,6.0,1897.0,,522.885696412388,104.57713928247762,129466.4984317073,354.70273542933506,384.84387255951765
1005080001,246 MOTT STREET,C7,,,,522.885696412388,104.57713928247762,129466.4984317073,354.70273542933506,384.84387255951765
1005080001,246 MOTT STREET,C7,,,,522.885696412388,104.57713928247762,129466.4984317073,354.70273542933506,384.84387255951765
1005080014.0,274 MOTT STREET,C4,6.0,1925.0,,188.82050085317633,37.76410017063527,46751.95601124646,128.08755071574373,138.97188862793777
1005080035.0,253 ELIZABETH STREET,C7,6.0,1910.0,,104.59133797583404,20.91826759516681,25896.81528281651,70.95017885703153,76.97922475021386
1005090027.0,285 MOTT STREET,C7,6.0,1900.0,,359.68962793721204,71.93792558744241,89059.1518772537,243.99767637603753,264.73156616178807
1005210026.0,302 MOTT STREET,C7,6.0,1905.0,,273.8181277144075,54.763625542881506,67797.36842208731,185.74621485503374,201.53014199780395
1004290009.0,26 1 AVENUE,C7,6.0,1920.0,,201.7974500232719,40.35949000465438,49965.04862576212,136.8905441801702,148.52292321712812
1004440024.0,70 EAST 3 STREET,C1,6.0,1920.0,,152.95012059873733,30.59002411974747,37870.44986024737,103.75465715136265,112.57128876067068
1004440022.0,66 EAST 3 STREET,C7,6.0,1910.0,,190.91273236346206,38.182546472692415,47269.99253319321,129.50682885806359,140.51177101950807
1004440019.0,60 EAST 3 STREET,C7,6.0,1898.0,,133.5599647485425,26.711992949708502,33069.447271739125,90.601225402025,98.3001340549273
1004440018.0,58 EAST 3 STREET,C1,6.0,1900.0,,169.39341524023905,33.87868304804781,41941.809613483194,114.90906743420054,124.67355361681594
1004440014.0,50 EAST 3 STREET,C1,6.0,1900.0,,222.21212752663018,44.44242550532604,55019.72277559364,150.73896650847573,163.54812585959985
1004450047.0,77 EAST 3 STREET,C7,6.0,1900.0,,147.91027118276435,29.58205423655287,36622.583144852455,100.33584423247248,108.86195959051457
1004450049.0,75 EAST 3 STREET,C4,6.0,1900.0,,136.3626526061903,27.27253052123806,33763.392785292715,92.50244598710333,100.36291231815606
1004450050.0,73 EAST 3 STREET,C4,6.0,1900.0,,129.68730094464425,25.937460188928853,32110.57571389392,87.97418003806553,95.44985349525818
1004450051.0,71 EAST 3 STREET,C6,6.0,1900.0,,133.41249836763018,26.68249967352604,33032.93459582524,90.50119067349381,98.19159879857582
1004450042.0,89 EAST 3 STREET,C1,6.0,1900.0,,140.12142189963657,28.024284379927316,34694.064062350015,95.05223030780826,103.12936651813253
1004450033.0,57 1 AVENUE,C7,6.0,1900.0,,126.4004944997403,25.28009889994806,31296.7624381357,85.74455462502932,93.03076395180886
1004450028.0,124 EAST 4 STREET,C7,6.0,1910.0,,132.47829545765407,26.495659091530815,32801.62595531515,89.86746837072643,97.5040254568334
1004470036.0,343 EAST 5 STREET,C4,6.0,1900.0,,135.26160556857067,27.052321113714136,33490.7735387781,91.75554394185781,99.55254169846802
1004450020.0,108 EAST 4 STREET,C7,6.0,1900.0,,250.40586436703293,50.08117287340659,62000.492017277356,169.86436169117084,184.29871617413625
1004460011.0,306 EAST 5 STREET,C1,6.0,1920.0,,245.95854976479518,49.19170995295904,60899.336921763286,166.84749841578983,181.02549262688925
1004450009.0,68 2 AVENUE,C7,6.0,1907.0,,207.96087068175697,41.592174136351396,51491.11158080303,141.07153857754255,153.05920082177315
1004430020.0,67 EAST 2 STREET,C4,6.0,1899.0,,356.7065492790489,71.34130985580978,88320.54160149251,241.97408657943154,262.53602026938
1004430004,26 2 AVENUE,C7,,,,214.65691238993426,42.93138247798686,53149.05150774773,145.61383974725405,157.98748751899166
1004430004.0,26 2 AVENUE,C7,6.0,1900.0,,214.65691238993426,42.93138247798686,53149.05150774773,145.61383974725405,157.98748751899166
1004440008.0,50 2 AVENUE,CB,6.0,1899.0,,140.362590961473,28.0725181922946,34753.777522060715,95.2158288275636,103.30686694764411
1004570020.0,21 EAST 2 STREET,C1,6.0,1900.0,,328.67764431275765,65.73552886255153,81380.5847318388,222.96050611462684,241.90674621418964
1004580032.0,32 EAST 2 STREET,C6,6.0,1901.0,,184.39366124808745,36.87873224961749,45655.870525026454,125.0845767808944,135.71373467859237
1004590035.0,53 2 AVENUE,C7,6.0,1897.0,,166.6455724285581,33.32911448571162,41261.44373331099,113.04505132413969,122.65114130741877
1004590036.0,27 EAST 3 STREET,C7,6.0,1898.0,,111.9509293384805,22.390185867696104,27719.050104207778,75.94260302522679,82.39588399312166
1004590039.0,21 EAST 3 STREET,C7,6.0,1906.0,,123.95063130451138,24.790126260902277,30690.17631099702,84.08267482464937,91.22766464012038
1004590016.0,60 EAST 4 STREET,C7,6.0,1891.0,,161.96938721910493,32.39387744382099,40103.62027545038,109.8729322615079,119.20946899326123
1004460009.0,302 EAST 5 STREET,C7,6.0,1920.0,,220.7476064756614,44.14952129513228,54657.10736337376,149.74549962568153,162.4702383660868
1004470053.0,309 EAST 5 STREET,C7,6.0,1900.0,,253.1111430176913,50.62222860353826,62670.31901118037,171.6995041402202,186.28980126102078
1004470001.0,88 2 AVENUE,C7,6.0,1904.0,,262.2903109148699,52.45806218297398,64943.08098252179,177.92624926718298,193.04566883334425
1004470003.0,92 2 AVENUE,C7,6.0,1904.0,,266.27430834697583,53.25486166939517,65929.51874671121,180.6288184841403,195.9778909433742
1004600042.0,69 2 AVENUE,C7,6.0,1887.0,,129.0133221929941,25.802664438598825,31943.698574985345,87.51698239722012,94.95380513404368
1004600037.0,77 2 AVENUE,C7,6.0,1903.0,,221.36908549403972,44.273817098807946,54810.985568324235,150.16708374883353,162.92764692361322
1004600052.0,69 EAST 4 STREET,C7,6.0,1899.0,,140.717790168402,28.1435580336804,34841.724845696335,95.45678039916804,103.56829356394388
1004600053.0,67 EAST 4 STREET,C7,6.0,1897.0,,138.92306181401187,27.784612362802378,34397.350105149344,94.23931535657354,102.24737349511275
1004600054.0,65 EAST 4 STREET,C7,6.0,1897.0,,136.2143020555649,27.242860411112982,33726.66118895787,92.4018114765969,100.25372631289576
1004600048.0,77 EAST 4 STREET,C7,6.0,1892.0,,142.0054603895789,28.40109207791578,35160.55199245974,96.33027943139655,104.51601884673008
1004600049.0,75 EAST 4 STREET,C7,6.0,1897.0,,129.4866127930926,25.897322558618523,32060.885327569733,87.83804199334173,95.30214701571617
1004600050.0,73 EAST 4 STREET,C7,6.0,1901.0,,136.147739846265,27.229547969253005,33710.18038593522,92.35665859160335,100.20473652685105
1004600051.0,71 EAST 4 STREET,C4,6.0,1899.0,,138.88154085104605,27.776308170209212,34387.069514719005,94.21114935539454,102.2168140663699
1004600029.0,236 EAST 5 STREET,C1,6.0,1912.0,,329.24996010530043,65.84999202106009,81522.29012207239,223.3487400604723,242.32797063750115
1004610035.0,87 2 AVENUE,C7,6.0,1910.0,,340.7849560596593,68.15699121193187,84378.35512037165,231.1735756722511,250.81772765990928
1004610037.0,237 EAST 5 STREET,C7,6.0,1909.0,,154.25001886562077,30.850003773124158,38192.304671127706,104.63645115377453,113.52801388509691
1004610046.0,221 EAST 5 STREET,C1,6.0,1896.0,,141.0053754813452,28.20107509626904,34912.93096918107,95.65186566898923,103.77995635427006
1004600059.0,57 EAST 4 STREET,C4,6.0,1900.0,,146.5304310564977,29.30608621129954,36280.93472958883,99.3998211769557,107.8463972575823
1004610053.0,207 EAST 5 STREET,C1,6.0,1905.0,,150.3128343738922,30.06256687477844,37217.457790975706,101.96563778349508,110.63024609918466
1004610030.0,97 2 AVENUE,C7,6.0,1903.0,,182.76915340632388,36.55383068126478,45253.64238340579,123.98258187234464,134.51809690705437
1004610012.0,208 EAST 6 STREET,C7,6.0,1900.0,,260.5643178778941,52.11286357557882,64515.72510656658,176.75541125086733,191.77533795813005
1004630036.0,41 EAST 7 STREET,C7,6.0,1903.0,,182.03283025800928,36.40656605160186,45071.3287718831,123.48309252570712,133.97616306989482
1004620017.0,36 EAST 7 STREET,C1,6.0,1900.0,,137.46763759393787,27.493527518787573,34036.98706825902,93.2520193650932,101.17618126913827
1004620016.0,34 EAST 7 STREET,C7,6.0,1900.0,,128.49438731661547,25.698877463323097,31815.210299593993,87.16495972491505,94.57186906502899
1004620015.0,32 EAST 7 STREET,C7,6.0,1900.0,,128.28515931717573,25.657031863435147,31763.405446932713,87.02302862173346,94.41787725744133
1004630030.0,129 2 AVENUE,C7,6.0,1900.0,,69.4482618051237,13.889652361024742,17195.38962294863,47.11065650122912,51.113920688571056
1004630028.0,131 2 AVENUE,C7,6.0,1900.0,,25.145429129729596,5.02908582594592,6226.008252521049,17.057556856222053,18.507035839480984
1004630028,131 2 AVENUE,C7,,,,0.3930729270878586,0.07861458541757173,97.3248567469538,0.2666434431423392,0.2893016743366639
1004630027.0,34 1/2 ST MARKS PLACE,C7,6.0,1900.0,,86.28605767381603,17.257211534763208,21364.427880036852,58.53267912338863,63.5065384479286
1004630024.0,30 ST MARKS PLACE,C7,6.0,1900.0,,160.70833371732817,32.141666743465635,39791.38342841045,109.01748884496014,118.28133361595354
1004630021.0,24 ST MARKS PLACE,C7,6.0,1900.0,,149.76024956725877,29.952049913451756,37080.637792853275,101.59078847357061,110.22354368150246
1004790009.0,196 MOTT STREET,C7,6.0,1900.0,,265.8969204223748,53.17938408447497,65836.07749658001,180.3728150591233,195.70013343086788
1004790018.0,20 SPRING STREET,C7,6.0,1900.0,,150.8969409978975,30.179388199579503,37362.08259107942,102.36187011254637,111.06014857445257
1004790014.0,26 SPRING STREET,C7,6.0,1900.0,,282.8174719843366,56.56349439686732,70025.60606332174,191.85097551594998,208.1536593804717
1004800004.0,184 MULBERRY STREET,C7,6.0,1900.0,,298.08446611948506,59.616893223897016,73805.71381118451,202.20743509913564,219.39016706394102
1004800029.0,193 MOTT STREET,C7,6.0,1900.0,,262.84163304332907,52.568326608665814,65079.58834152828,178.30024203158433,193.4514419198902
1004920044.0,11 SPRING STREET,C0,6.0,1895.0,,167.74691805577373,33.549383611154745,41534.13691060957,113.79215591947829,123.46173168904946
1004920004.0,196 ELIZABETH STREET,C7,6.0,1900.0,,144.27668921515553,28.85533784303111,35722.90824967251,97.87098150595209,106.18764326235448
1004920005.0,198 ELIZABETH STREET,C7,6.0,1900.0,,203.6963305832799,40.73926611665598,50435.21145242011,138.17866151347974,149.920499309294
1004940033.0,213 MOTT STREET,C6,6.0,1900.0,,125.57703140250436,25.115406280500874,31092.87297526008,85.18595335687694,92.42469511224321
1004940032.0,215 MOTT STREET,C6,6.0,1900.0,,115.68119810233163,23.136239620466327,28642.664650137314,78.47305383599264,85.14136180331609
1004950042.0,213 MULBERRY STREET,C7,6.0,1910.0,,110.30040994039524,22.060081988079048,27310.38150124186,74.82296301710099,81.1811017161309
1004950040.0,217 MULBERRY STREET,C7,6.0,1900.0,,93.35510301144136,18.671020602288273,23114.723505632883,63.32800960447365,68.70935581642084
1004950038.0,219 MULBERRY STREET,C7,6.0,1890.0,,161.22254572097705,32.24450914419541,39918.70232051392,109.3663077274354,118.65979365063912
1004950031.0,239 MULBERRY STREET,C7,6.0,1910.0,,156.1738481358964,31.234769627179283,38668.64479844795,105.94149259848754,114.94395222801975
1004950031,239 MULBERRY STREET,C7,,,,156.1738481358964,31.234769627179283,38668.64479844795,105.94149259848754,114.94395222801975
1004950030.0,241 MULBERRY STREET,C7,6.0,1900.0,,153.70383796227716,30.740767592455434,38057.070279459826,104.2659459711228,113.126024740236
1004940009.0,240 MULBERRY STREET,C7,6.0,1901.0,,139.85957180397818,27.971914360795637,34629.229978665,94.87460268127396,102.93664484772795
1004940010.0,242 MULBERRY STREET,C4,6.0,1905.0,,155.90789623182863,31.18157924636573,38602.79510700077,105.76108248493361,114.74821162662589
1004730130.0,37B CROSBY STREET,C6,6.0,1900.0,,106.11273475041749,21.222546950083498,26273.51312420337,71.98222773754348,78.09897277630728
1004820025.0,222 LAFAYETTE STREET,C7,6.0,1900.0,,201.96555484191302,40.39311096838261,50006.67137885767,137.00457912015798,148.64664836364798
1004820024.0,224 LAFAYETTE STREET,C7,6.0,1900.0,,93.0975759512427,18.619515190248542,23050.959805527695,63.15331453569232,68.51981590011464
1004940014.0,46 PRINCE STREET,C7,6.0,1900.0,,133.3953861147957,26.679077222959144,33028.69760202342,90.48958247129704,98.17900418048964
1004950011.0,255 LAFAYETTE STREET,C7,6.0,1926.0,,968.8542202720433,193.77084405440868,239888.30493935794,657.2282327105697,713.076706120224
1005100026.0,49 PRINCE STREET,C7,6.0,1915.0,,197.44691546760222,39.489383093520445,48887.85626977831,133.939332245968,145.32092978415525
1005090014.0,280 MULBERRY STREET,C7,6.0,1920.0,,179.57402244910065,35.914804489820135,44462.527958397324,121.81514509149952,132.16648052253808
1004640046.0,27 ST MARKS PLACE,C7,6.0,1900.0,,13.874240117982437,2.7748480235964874,3435.2618532124516,9.4116763101711,10.211440726835074
1004640051.0,17 ST MARKS PLACE,C7,6.0,1900.0,,165.49302590557687,33.098605181115374,40976.073214220836,112.26321428553653,121.80286706650458
1004610009.0,202 EAST 6 STREET,C7,6.0,1930.0,,173.23456113679993,34.646912227359984,42892.87733747166,117.51473243142921,127.50063699668475
1005560015.0,85 EAST 10 STREET,C4,6.0,1900.0,,628.5605995807407,125.71211991614814,155631.6044561914,426.38795741422297,462.62060129142515
